gender_match,age_difference,height_difference,location_match,category_overlap,skill_overlap,age_match,height_match,compatible
0,0,8,0,0.22,0.74,1,1,0
0,13,1,0,0.09,0.23,0,1,0
0,6,20,1,0.22,0.59,0,0,0
0,5,13,1,0.28,0.22,1,0,0
1,3,2,1,0.1,0.85,1,1,1
1,1,14,0,0.97,0.38,1,0,1
1,11,18,0,0.7,0.05,0,0,0
0,9,2,0,0.87,0.38,0,1,0
1,11,5,1,0.36,0.67,0,1,1
0,5,17,0,0.16,0.38,1,0,0
0,10,1,0,0.82,0.81,0,1,0
1,8,2,0,0.91,0.57,0,1,1
1,6,20,1,0.4,0.91,0,0,0
1,4,8,0,0.25,0.56,1,1,1
1,13,18,1,0.36,1.0,0,0,0
0,15,2,0,0.86,0.15,0,1,0
0,13,19,0,0.38,0.6,0,0,0
1,8,17,0,0.68,0.11,0,0,0
1,10,3,1,0.43,0.45,0,1,1
1,5,16,0,0.87,0.3,1,0,1
0,4,11,0,0.54,0.78,1,0,0
0,10,15,0,0.11,0.36,0,0,0
1,7,1,0,0.88,0.95,0,1,1
0,15,2,0,0.13,0.48,0,1,0
0,8,16,1,0.96,0.93,0,0,0
0,9,12,1,0.44,0.52,0,0,0
0,7,7,0,0.34,0.59,0,1,0
0,7,0,0,0.71,0.06,0,1,0
0,1,10,0,0.51,0.28,1,1,0
1,6,17,0,0.72,0.88,0,0,0
1,7,15,1,0.19,0.1,0,0,0
1,11,13,1,0.47,0.73,0,0,0
0,1,12,1,0.8,0.11,1,0,0
0,6,17,1,0.14,0.18,0,0,0
1,7,2,1,0.81,0.86,0,1,1
0,1,20,0,0.97,0.93,1,0,0
0,5,13,1,0.48,0.86,1,0,0
0,5,12,0,0.99,0.27,1,0,0
1,9,13,1,0.15,0.3,0,0,0
0,1,10,0,0.05,0.48,1,1,0
0,1,16,0,0.85,0.07,1,0,0
0,7,12,0,0.94,0.57,0,0,0
0,2,13,1,0.93,0.2,1,0,1
1,7,8,1,0.13,0.65,0,1,1
1,10,2,0,0.46,1.0,0,1,1
0,2,17,0,0.51,0.13,1,0,0
1,2,7,1,0.28,0.44,1,1,1
1,0,17,1,0.93,0.1,1,0,1
0,8,3,0,0.74,0.16,0,1,0
1,6,10,0,0.69,0.85,0,1,1
1,8,1,0,0.63,0.83,0,1,1
0,0,10,0,0.64,0.26,1,1,0
1,13,17,0,0.11,0.95,0,0,0
0,1,11,0,0.43,0.04,1,0,0
1,1,11,0,0.68,0.67,1,0,1
1,13,19,0,0.93,0.24,0,0,0
0,5,13,0,0.18,0.92,1,0,0
1,7,8,0,0.79,0.11,0,1,0
0,15,7,0,0.82,0.46,0,1,0
1,7,7,0,0.66,0.4,0,1,0
1,2,8,1,0.64,0.4,1,1,1
1,0,3,1,0.18,0.96,1,1,1
1,1,3,1,0.35,0.79,1,1,1
1,3,12,0,0.25,0.71,1,0,0
0,6,11,1,0.07,0.66,0,0,0
1,10,3,1,0.51,0.67,0,1,1
1,12,9,0,0.19,0.66,0,1,0
1,5,19,1,0.41,0.83,1,0,1
1,9,6,1,0.79,0.61,0,1,1
1,14,14,1,0.68,0.51,0,0,0
0,2,9,1,0.09,0.95,1,1,1
0,9,7,0,0.15,0.05,0,1,0
1,2,14,1,0.89,0.58,1,0,1
1,15,12,0,0.15,0.69,0,0,0
0,13,7,0,0.8,0.7,0,1,0
1,1,17,0,0.92,0.12,1,0,0
0,14,16,1,0.95,0.89,0,0,0
1,14,5,1,0.45,0.75,0,1,1
1,15,20,0,0.27,0.08,0,0,0
1,7,8,1,0.32,0.54,0,1,1
0,4,7,1,0.69,0.71,1,1,1
0,13,13,1,0.54,0.42,0,0,0
0,13,12,0,0.86,0.77,0,0,0
1,15,0,1,0.3,0.39,0,1,1
1,7,15,0,0.27,0.49,0,0,0
1,10,12,0,0.84,0.92,0,0,0
0,12,18,0,0.08,0.43,0,0,0
1,5,1,1,0.38,0.21,1,1,1
1,10,12,1,0.75,0.83,0,0,1
1,2,15,0,0.75,0.05,1,0,0
1,7,20,0,0.78,0.65,0,0,0
0,7,6,0,0.62,0.24,0,1,0
1,3,18,0,0.47,0.26,1,0,0
1,5,19,0,0.78,0.16,1,0,0
1,3,18,0,0.93,0.58,1,0,1
1,12,6,0,0.59,0.83,0,1,1
0,3,9,0,0.8,0.57,1,1,1
0,11,17,1,0.66,0.07,0,0,0
1,0,13,1,0.11,0.96,1,0,1
1,4,13,0,0.73,0.97,1,0,1
1,15,14,1,0.83,0.59,0,0,1
1,7,2,1,0.88,0.24,0,1,1
1,12,10,0,0.49,0.33,0,1,0
1,6,11,1,0.34,0.88,0,0,0
1,0,16,0,0.09,0.72,1,0,0
1,7,15,1,0.45,0.02,0,0,0
1,7,12,0,0.31,0.58,0,0,0
1,11,13,1,0.35,0.45,0,0,0
1,8,7,0,0.72,0.32,0,1,0
0,6,6,1,0.28,0.59,0,1,0
1,3,6,1,0.23,0.18,1,1,1
0,4,8,0,0.97,0.55,1,1,1
0,15,3,0,0.57,0.47,0,1,0
1,10,5,0,0.25,0.86,0,1,0
0,2,12,1,0.07,0.63,1,0,0
0,4,4,1,0.09,0.25,1,1,0
1,7,16,1,0.45,0.44,0,0,0
1,9,18,0,0.61,0.74,0,0,0
0,6,8,0,0.16,0.17,0,1,0
0,5,0,1,0.45,0.59,1,1,1
1,1,7,1,0.71,0.7,1,1,1
1,2,7,1,0.79,0.63,1,1,1
0,13,3,0,0.65,0.91,0,1,0
0,2,1,0,0.79,0.6,1,1,1
1,14,3,1,0.69,0.7,0,1,1
1,15,14,0,0.6,0.89,0,0,0
1,8,0,0,0.23,0.67,0,1,0
0,8,18,0,0.76,0.18,0,0,0
1,8,5,1,0.63,0.49,0,1,1
0,15,11,1,0.33,0.67,0,0,0
0,10,13,1,0.29,0.95,0,0,0
0,14,2,1,0.25,0.12,0,1,0
1,0,17,1,0.41,0.19,1,0,1
1,15,20,1,0.76,0.2,0,0,0
0,9,14,1,0.12,0.97,0,0,0
0,5,9,0,0.55,0.09,1,1,0
0,14,3,0,0.5,0.72,0,1,0
1,13,15,1,0.24,0.55,0,0,0
1,6,19,0,0.86,0.28,0,0,0
1,10,16,1,0.82,0.28,0,0,0
1,15,4,1,0.54,0.35,0,1,1
1,14,10,0,0.98,0.24,0,1,1
1,7,13,0,0.32,0.47,0,0,0
1,12,20,0,0.5,0.04,0,0,0
1,3,14,0,0.53,0.46,1,0,0
0,13,20,0,0.07,0.78,0,0,0
1,10,19,1,0.65,0.85,0,0,1
1,10,20,1,0.87,0.04,0,0,0
0,7,20,1,1.0,0.75,0,0,0
1,3,20,0,0.44,0.69,1,0,0
0,1,10,0,0.29,0.37,1,1,0
0,7,16,1,0.57,0.79,0,0,0
0,5,2,1,0.62,0.24,1,1,1
0,7,14,1,0.46,0.67,0,0,0
1,9,17,0,0.07,0.95,0,0,0
1,13,8,1,0.85,0.2,0,1,1
1,15,3,0,0.38,0.36,0,1,0
1,9,0,1,0.27,0.57,0,1,1
0,15,9,0,0.61,0.35,0,1,0
0,8,4,0,0.9,0.65,0,1,0
1,14,1,1,0.73,0.09,0,1,1
1,10,13,0,0.2,0.79,0,0,0
1,8,5,1,0.91,0.94,0,1,1
1,10,3,1,0.96,0.14,0,1,1
0,12,17,1,0.09,0.39,0,0,0
1,3,14,1,0.67,0.67,1,0,1
1,11,3,0,0.47,0.62,0,1,0
1,7,20,0,0.64,0.46,0,0,0
1,13,3,0,0.05,0.04,0,1,0
1,3,3,0,0.89,0.14,1,1,1
1,11,17,1,0.59,0.73,0,0,1
1,3,15,1,0.94,0.28,1,0,1
1,6,14,1,0.95,0.86,0,0,1
0,11,17,1,0.06,0.28,0,0,0
0,14,2,0,0.64,0.6,0,1,0
0,1,10,0,0.99,0.79,1,1,1
0,2,17,0,0.59,0.81,1,0,0
0,10,4,0,0.28,0.98,0,1,0
0,8,5,0,0.66,0.03,0,1,0
0,11,7,1,0.02,0.27,0,1,0
0,13,16,0,0.75,0.48,0,0,0
1,3,14,0,0.95,0.04,1,0,0
1,14,20,0,0.06,0.48,0,0,0
1,13,3,1,0.71,0.44,0,1,1
0,10,19,0,0.07,0.28,0,0,0
1,12,19,1,0.45,0.61,0,0,0
0,3,20,0,0.43,0.89,1,0,0
1,10,14,1,0.42,0.1,0,0,0
1,10,8,1,0.95,0.69,0,1,1
1,2,2,0,0.09,0.1,1,1,0
1,4,17,0,0.59,0.56,1,0,0
1,3,13,1,0.87,0.94,1,0,1
1,1,9,1,0.35,0.58,1,1,1
0,4,15,0,0.85,0.35,1,0,0
1,3,8,0,0.81,0.85,1,1,1
0,8,0,0,0.27,0.76,0,1,0
1,11,0,0,0.87,0.57,0,1,1
1,2,4,0,0.09,0.53,1,1,1
1,13,14,1,0.16,0.31,0,0,0
1,2,1,0,0.16,0.62,1,1,1
0,8,14,1,0.49,0.44,0,0,0
1,6,16,0,0.35,0.11,0,0,0
1,9,1,0,0.4,0.6,0,1,0
0,6,9,0,0.77,0.76,0,1,0
1,10,3,0,0.5,0.43,0,1,0
0,12,17,0,0.5,0.83,0,0,0
1,2,12,0,0.44,0.46,1,0,0
0,10,18,1,0.57,0.71,0,0,0
1,9,3,1,0.02,0.32,0,1,0
1,11,2,1,0.84,0.24,0,1,1
1,2,12,1,0.75,0.22,1,0,1
0,2,16,0,0.53,0.19,1,0,0
1,11,20,0,0.24,0.15,0,0,0
0,5,19,0,0.76,0.66,1,0,0
0,15,14,1,0.68,0.88,0,0,0
1,10,4,1,0.07,0.44,0,1,0
1,8,18,0,0.35,0.07,0,0,0
1,14,1,0,0.37,0.29,0,1,0
0,12,14,0,0.45,0.81,0,0,0
0,10,19,1,0.5,0.96,0,0,0
1,3,10,0,0.5,0.17,1,1,1
0,14,14,0,0.36,0.92,0,0,0
1,13,10,0,0.79,0.65,0,1,1
0,10,3,1,0.28,0.72,0,1,0
0,10,2,0,0.92,0.31,0,1,0
1,4,19,0,0.31,0.38,1,0,0
1,4,16,0,0.65,0.42,1,0,0
1,0,11,1,0.18,0.21,1,0,0
1,6,7,0,0.15,0.3,0,1,0
0,1,10,0,0.6,0.15,1,1,0
0,5,14,0,0.41,0.68,1,0,0
0,14,19,1,0.75,0.78,0,0,0
0,7,9,1,0.9,0.19,0,1,1
1,14,9,1,0.5,0.42,0,1,1
0,6,19,0,0.87,0.05,0,0,0
1,11,17,0,0.71,0.52,0,0,0
0,9,2,0,0.27,0.91,0,1,0
0,13,2,0,0.82,0.88,0,1,0
0,13,1,1,0.5,0.24,0,1,0
0,11,7,0,0.32,0.1,0,1,0
1,4,4,0,0.29,0.83,1,1,1
0,15,14,0,0.91,0.02,0,0,0
0,4,17,1,0.11,0.29,1,0,0
1,3,1,0,0.42,0.79,1,1,1
1,2,3,1,0.6,0.02,1,1,1
0,4,9,1,0.0,0.35,1,1,0
1,5,2,1,0.07,0.53,1,1,1
0,12,15,0,0.64,0.98,0,0,0
1,0,11,0,0.34,0.73,1,0,0
0,10,4,0,0.35,0.34,0,1,0
0,14,15,0,0.81,0.06,0,0,0
1,1,9,0,0.04,0.2,1,1,0
0,10,9,1,0.99,0.54,0,1,1
1,1,20,0,0.29,0.86,1,0,0
0,10,8,0,0.8,0.44,0,1,0
1,14,12,1,0.97,0.5,0,0,1
1,11,16,1,0.8,0.73,0,0,1
0,13,19,0,0.55,0.32,0,0,0
0,10,9,1,0.45,0.72,0,1,0
0,14,11,1,0.04,0.87,0,0,0
1,13,8,0,0.08,0.64,0,1,0
1,5,0,0,0.85,0.68,1,1,1
1,1,4,0,0.24,0.65,1,1,1
1,12,18,0,0.61,0.68,0,0,0
1,11,14,0,0.57,0.53,0,0,0
1,10,20,1,0.25,0.11,0,0,0
0,15,16,1,0.91,0.12,0,0,0
1,14,6,1,0.69,1.0,0,1,1
0,3,4,0,0.45,0.9,1,1,0
1,2,10,1,0.71,0.55,1,1,1
1,9,5,0,0.79,0.51,0,1,1
0,6,4,0,0.79,0.03,0,1,0
1,14,17,0,0.61,0.09,0,0,0
1,12,15,1,0.77,0.82,0,0,1
0,4,10,0,0.45,0.68,1,1,0
1,4,17,0,0.77,0.13,1,0,0
0,3,16,0,0.3,0.16,1,0,0
0,11,16,1,0.85,0.25,0,0,0
1,4,20,1,0.61,0.09,1,0,1
0,4,5,1,0.84,0.56,1,1,1
0,2,1,1,0.65,0.77,1,1,1
1,0,15,1,0.64,0.3,1,0,1
0,12,9,1,0.07,0.06,0,1,0
1,13,15,1,0.2,0.61,0,0,0
1,10,11,1,0.13,0.37,0,0,0
0,10,7,1,0.12,0.45,0,1,0
0,3,1,1,0.95,0.86,1,1,1
1,7,5,1,0.93,0.72,0,1,1
0,5,15,1,0.5,0.31,1,0,0
0,2,12,1,0.97,0.22,1,0,1
1,1,1,1,0.49,0.88,1,1,1
1,9,17,0,0.85,0.43,0,0,0
1,11,12,1,0.05,0.05,0,0,0
0,11,17,1,0.07,0.5,0,0,0
1,3,4,0,0.39,0.79,1,1,1
1,11,4,0,0.6,0.4,0,1,0
0,1,1,0,0.71,0.8,1,1,1
1,4,19,0,0.33,0.61,1,0,0
0,12,19,1,0.59,0.51,0,0,0
1,9,15,0,0.37,0.67,0,0,0
1,9,20,0,0.6,0.27,0,0,0
0,1,18,1,0.17,0.63,1,0,0
1,4,7,0,0.57,0.7,1,1,1
0,0,14,1,0.42,0.41,1,0,0
0,13,16,1,0.87,0.74,0,0,0
0,4,16,0,0.56,1.0,1,0,0
1,12,10,0,0.46,0.53,0,1,0
1,8,19,1,0.19,0.25,0,0,0
1,7,9,1,0.7,0.69,0,1,1
1,10,15,1,0.56,0.93,0,0,1
1,9,3,1,0.9,0.39,0,1,1
1,4,9,0,0.29,0.71,1,1,1
1,14,20,1,0.75,0.21,0,0,0
1,8,4,0,0.62,0.59,0,1,0
0,1,16,0,0.64,0.05,1,0,0
1,10,15,0,0.68,0.14,0,0,0
0,13,20,1,0.48,0.2,0,0,0
1,10,9,0,0.91,0.09,0,1,0
0,1,5,1,0.88,0.18,1,1,1
0,12,15,0,0.94,0.96,0,0,0
1,1,0,1,0.57,0.11,1,1,1
1,9,14,1,0.89,0.13,0,0,0
1,8,6,0,0.33,0.73,0,1,0
1,5,0,1,0.79,0.57,1,1,1
0,5,19,1,0.83,0.52,1,0,1
0,12,3,0,0.98,0.48,0,1,0
0,0,8,1,0.24,0.75,1,1,1
1,9,18,0,0.26,0.36,0,0,0
0,1,3,1,0.31,0.41,1,1,1
1,3,20,1,0.37,0.22,1,0,1
0,15,4,1,0.75,0.61,0,1,1
1,15,17,0,0.76,0.68,0,0,0
0,14,16,1,0.08,0.56,0,0,0
0,6,18,0,0.16,0.85,0,0,0
1,3,6,1,0.09,0.51,1,1,1
0,14,4,1,0.46,0.06,0,1,0
1,9,0,1,0.25,0.0,0,1,0
0,2,1,1,0.34,0.06,1,1,0
0,2,15,0,0.29,0.18,1,0,0
0,13,11,1,0.45,0.92,0,0,0
1,12,2,0,0.65,0.35,0,1,0
0,12,16,0,0.73,0.22,0,0,0
0,0,9,1,0.67,0.54,1,1,1
1,7,7,1,0.35,0.28,0,1,1
0,1,13,0,0.24,0.07,1,0,0
0,14,19,0,0.24,0.04,0,0,0
1,7,17,0,0.75,0.78,0,0,0
0,9,7,1,0.58,0.77,0,1,1
1,7,9,0,0.99,0.52,0,1,1
1,9,8,0,0.56,0.59,0,1,0
0,13,17,1,0.05,0.34,0,0,0
1,10,13,1,0.15,0.38,0,0,0
1,7,7,1,0.86,0.14,0,1,1
1,1,17,1,0.97,0.56,1,0,1
0,12,7,1,0.2,0.65,0,1,0
1,11,2,0,0.05,0.38,0,1,0
0,2,6,0,0.48,0.87,1,1,1
1,9,0,0,0.94,0.96,0,1,1
0,15,7,0,0.4,0.24,0,1,0
1,9,12,1,0.53,0.36,0,0,0
1,11,16,1,0.47,0.8,0,0,0
1,10,6,1,0.31,0.05,0,1,0
0,4,0,1,0.55,0.58,1,1,1
1,9,4,0,0.33,0.38,0,1,0
0,15,17,1,0.26,0.82,0,0,0
1,14,5,1,0.17,0.72,0,1,1
1,5,17,0,0.52,0.84,1,0,1
0,1,0,1,0.14,0.63,1,1,1
0,4,0,0,0.51,0.37,1,1,0
1,15,0,0,0.53,0.41,0,1,0
0,8,17,1,0.02,0.81,0,0,0
1,5,3,0,0.52,0.24,1,1,1
1,11,8,1,0.08,0.96,0,1,1
1,7,7,1,0.68,0.85,0,1,1
0,2,12,1,0.38,0.48,1,0,0
0,5,2,1,0.85,0.64,1,1,1
1,3,16,0,0.23,0.9,1,0,0
1,8,1,0,0.68,0.28,0,1,0
0,5,10,0,0.96,0.59,1,1,1
1,2,9,0,0.56,0.57,1,1,1
1,10,12,0,0.79,0.69,0,0,0
0,11,1,0,0.44,0.84,0,1,0
1,12,10,0,0.63,0.78,0,1,1
1,15,7,1,0.55,0.38,0,1,1
0,12,2,1,0.8,0.71,0,1,1
0,8,4,1,0.71,0.63,0,1,1
1,10,11,0,0.09,0.94,0,0,0
1,11,8,0,0.13,0.19,0,1,0
1,13,3,0,0.09,0.55,0,1,0
1,12,0,1,0.41,0.78,0,1,1
0,5,12,0,0.14,0.3,1,0,0
1,4,2,0,0.43,0.42,1,1,1
1,2,11,1,0.94,0.72,1,0,1
1,6,14,0,0.14,0.01,0,0,0
1,10,19,1,0.8,0.33,0,0,0
1,13,20,0,0.3,0.6,0,0,0
0,15,10,0,0.96,0.97,0,1,0
1,15,18,0,0.33,0.28,0,0,0
1,11,3,0,0.59,0.55,0,1,0
0,14,6,1,0.8,0.83,0,1,1
0,13,15,0,0.63,0.24,0,0,0
0,13,12,0,0.45,0.6,0,0,0
1,13,17,0,0.79,0.36,0,0,0
0,3,7,1,0.17,0.61,1,1,1
1,10,13,0,0.01,0.26,0,0,0
0,14,11,1,0.46,0.68,0,0,0
0,11,0,1,0.1,0.42,0,1,0
0,3,4,1,0.31,0.46,1,1,1
0,15,11,1,0.1,0.72,0,0,0
1,10,2,1,0.04,0.71,0,1,1
0,10,20,0,0.68,0.16,0,0,0
0,5,17,0,0.33,0.43,1,0,0
1,7,12,0,0.19,0.66,0,0,0
1,0,19,0,0.45,0.43,1,0,0
0,6,6,1,0.75,0.81,0,1,1
0,3,17,0,0.37,0.2,1,0,0
0,8,15,1,0.6,0.61,0,0,0
0,11,11,1,0.62,0.81,0,0,0
1,2,4,1,0.12,0.31,1,1,1
0,11,4,1,0.42,0.14,0,1,0
1,13,5,1,0.64,0.69,0,1,1
0,5,15,1,0.14,0.31,1,0,0
1,1,11,0,0.48,0.2,1,0,0
1,15,13,1,0.42,0.84,0,0,0
1,5,2,0,0.8,0.22,1,1,1
0,8,7,1,0.17,0.46,0,1,0
1,3,18,0,0.27,0.54,1,0,0
1,1,14,0,0.99,0.1,1,0,1
0,9,1,1,0.26,0.86,0,1,0
0,14,3,0,0.21,0.74,0,1,0
1,13,5,0,0.78,0.81,0,1,1
0,11,17,1,0.6,0.17,0,0,0
1,9,18,1,0.95,0.51,0,0,1
0,4,13,0,0.99,0.87,1,0,0
0,4,7,0,0.71,0.83,1,1,1
1,15,4,1,0.63,0.38,0,1,1
0,2,12,1,0.69,0.88,1,0,1
1,15,10,0,0.87,0.85,0,1,1
0,14,20,1,0.85,0.8,0,0,0
1,6,13,0,0.49,0.32,0,0,0
1,10,17,0,0.57,0.49,0,0,0
1,1,1,0,0.63,0.84,1,1,1
0,3,5,1,0.46,0.99,1,1,1
1,6,4,1,0.16,0.93,0,1,1
1,2,20,1,0.25,0.37,1,0,1
0,1,12,1,0.73,0.76,1,0,1
1,2,3,0,0.21,0.08,1,1,0
0,14,0,0,0.7,0.82,0,1,0
1,4,15,0,0.23,0.09,1,0,0
0,3,10,1,0.88,0.14,1,1,1
0,4,2,0,0.61,0.16,1,1,0
1,6,20,0,0.92,0.62,0,0,0
1,6,2,0,0.14,0.12,0,1,0
1,11,13,1,0.79,0.25,0,0,0
0,7,17,1,0.78,0.69,0,0,0
1,6,16,0,0.75,0.3,0,0,0
0,7,15,1,0.11,0.5,0,0,0
0,0,11,1,0.13,0.86,1,0,0
1,11,17,0,0.76,0.95,0,0,0
0,0,18,0,0.01,0.22,1,0,0
0,12,16,1,0.63,0.5,0,0,0
1,13,12,0,0.64,0.54,0,0,0
0,8,2,1,0.08,0.92,0,1,0
0,10,12,0,0.31,0.44,0,0,0
0,1,7,0,0.92,0.12,1,1,0
0,9,5,0,0.01,0.14,0,1,0
0,5,15,1,0.52,0.78,1,0,0
1,5,11,0,0.75,0.87,1,0,1
0,0,10,1,0.27,0.06,1,1,0
0,15,14,1,0.06,0.86,0,0,0
0,11,5,1,0.77,0.89,0,1,1
0,7,16,0,0.04,0.86,0,0,0
0,1,15,1,0.38,0.15,1,0,0
0,13,7,1,0.25,0.92,0,1,0
1,8,2,1,0.12,0.67,0,1,1
0,5,7,0,0.95,0.07,1,1,0
1,9,9,1,0.09,0.46,0,1,0
1,6,9,1,0.74,0.24,0,1,1
1,15,6,0,0.15,0.93,0,1,0
0,7,17,1,0.64,0.69,0,0,0
0,10,0,1,0.85,0.73,0,1,1
0,6,16,0,0.42,0.96,0,0,0
0,8,2,0,0.92,0.9,0,1,0
1,11,14,0,0.58,0.51,0,0,0
1,2,18,0,0.43,0.96,1,0,1
0,9,8,1,0.93,0.39,0,1,1
1,10,14,1,0.23,0.94,0,0,0
0,3,4,0,0.16,0.47,1,1,0
1,3,17,1,0.96,0.21,1,0,1
1,14,8,0,0.09,0.81,0,1,0
1,1,6,1,0.15,0.71,1,1,1
1,12,16,0,0.68,0.26,0,0,0
0,0,12,1,0.56,0.55,1,0,0
0,14,3,0,0.12,0.06,0,1,0
0,4,6,1,0.37,0.63,1,1,1
0,8,2,0,1.0,0.2,0,1,0
1,4,2,1,0.12,0.94,1,1,1
0,5,18,1,0.82,0.39,1,0,1
0,12,13,0,0.35,0.91,0,0,0
1,8,14,0,0.03,0.62,0,0,0
0,9,15,1,0.88,0.48,0,0,0
0,8,12,0,0.42,0.64,0,0,0
0,0,12,1,0.48,0.78,1,0,0
1,10,12,1,0.18,0.32,0,0,0
0,0,8,0,0.81,0.47,1,1,1
1,7,5,0,0.25,0.24,0,1,0
0,7,18,1,0.35,0.84,0,0,0
0,5,7,1,0.81,0.7,1,1,1
0,11,18,0,0.56,0.19,0,0,0
1,9,5,1,0.04,0.06,0,1,0
0,0,16,1,0.0,0.92,1,0,0
0,4,10,0,0.92,0.84,1,1,1
1,1,0,0,0.59,0.92,1,1,1
0,11,2,1,0.7,0.66,0,1,1
0,10,9,1,0.14,0.16,0,1,0
1,15,20,1,0.17,0.97,0,0,0
1,7,18,0,0.38,0.73,0,0,0
1,4,5,0,0.95,0.95,1,1,1
1,1,5,1,0.92,0.97,1,1,1
0,3,15,0,0.33,0.08,1,0,0
1,10,5,0,0.82,0.67,0,1,1
1,14,0,1,0.21,0.69,0,1,1
1,8,3,0,0.05,0.44,0,1,0
1,5,13,1,0.88,0.35,1,0,1
1,3,15,0,0.16,0.07,1,0,0
0,9,0,1,0.26,0.1,0,1,0
1,5,12,0,0.73,0.55,1,0,1
0,10,19,1,0.7,0.43,0,0,0
0,13,5,0,0.1,0.21,0,1,0
0,13,17,1,0.66,0.3,0,0,0
0,1,12,1,0.15,0.36,1,0,0
1,2,9,1,0.2,0.03,1,1,1
0,9,2,1,0.84,0.31,0,1,1
1,15,15,1,0.09,0.54,0,0,0
0,11,12,1,0.19,0.04,0,0,0
1,14,8,0,0.84,0.56,0,1,1
0,3,2,1,0.81,0.41,1,1,1
0,1,12,1,0.97,0.69,1,0,1
1,7,15,1,0.08,0.9,0,0,0
0,4,3,1,0.17,0.98,1,1,1
0,6,4,0,0.42,0.99,0,1,0
1,6,20,0,0.83,0.26,0,0,0
0,2,12,1,0.55,0.86,1,0,1
1,0,19,1,0.11,0.15,1,0,0
0,3,18,0,0.79,0.87,1,0,0
1,13,8,1,0.65,0.57,0,1,1
1,1,5,1,0.4,0.62,1,1,1
1,1,12,1,0.69,0.05,1,0,1
1,8,11,0,0.34,0.79,0,0,0
1,8,15,0,0.97,0.23,0,0,0
1,14,10,1,0.73,0.6,0,1,1
0,6,14,0,0.91,0.41,0,0,0
1,11,1,0,0.07,0.71,0,1,0
1,4,16,0,0.17,0.88,1,0,0
0,1,7,0,0.46,0.92,1,1,1
0,8,11,1,0.51,0.64,0,0,0
0,0,7,1,0.49,0.45,1,1,1
1,11,11,0,0.84,0.26,0,0,0
0,9,0,1,0.05,0.85,0,1,0
0,7,20,0,0.68,0.27,0,0,0
1,0,0,1,0.91,0.65,1,1,1
0,7,8,1,0.71,0.71,0,1,1
1,13,12,1,0.46,0.22,0,0,0
1,12,18,0,0.01,1.0,0,0,0
1,9,9,0,0.48,0.34,0,1,0
1,10,8,1,0.66,0.95,0,1,1
1,6,4,0,0.9,0.81,0,1,1
1,10,4,0,0.66,1.0,0,1,1
1,13,12,1,0.74,0.58,0,0,1
0,10,7,1,0.91,0.67,0,1,1
1,5,17,0,0.29,0.47,1,0,0
1,5,10,0,0.22,0.22,1,1,0
1,13,10,1,0.26,0.29,0,1,1
0,15,1,0,0.47,0.19,0,1,0
0,12,16,1,0.41,0.87,0,0,0
0,4,6,1,0.41,0.57,1,1,1
1,4,10,0,0.78,0.49,1,1,1
0,10,20,0,0.0,0.27,0,0,0
0,5,15,0,0.13,0.43,1,0,0
1,12,13,1,0.38,0.04,0,0,0
0,11,0,1,0.76,0.53,0,1,1
0,0,20,0,0.23,0.88,1,0,0
1,4,3,1,0.5,0.31,1,1,1
0,1,9,1,0.46,0.52,1,1,1
1,13,4,1,1.0,0.49,0,1,1
0,5,12,0,0.23,0.73,1,0,0
0,6,0,0,0.12,0.71,0,1,0
0,12,20,1,0.77,0.62,0,0,0
0,3,20,0,0.05,0.12,1,0,0
1,12,3,1,0.47,0.15,0,1,1
0,9,13,0,0.66,0.27,0,0,0
0,13,3,0,0.28,0.78,0,1,0
1,6,19,0,0.78,0.83,0,0,0
0,11,13,1,0.16,0.55,0,0,0
0,15,10,0,0.0,0.67,0,1,0
0,15,4,0,0.78,0.08,0,1,0
0,8,20,0,0.46,0.98,0,0,0
1,14,1,0,0.81,0.87,0,1,1
1,11,10,1,0.74,0.09,0,1,1
0,0,4,0,0.33,0.89,1,1,0
1,2,11,1,0.18,0.4,1,0,1
1,8,12,1,0.8,0.65,0,0,1
0,3,4,0,0.98,0.84,1,1,1
0,13,18,1,0.8,0.68,0,0,0
0,12,11,0,0.86,0.88,0,0,0
0,15,15,0,0.89,0.44,0,0,0
0,8,20,1,0.01,0.87,0,0,0
0,10,16,0,0.43,0.73,0,0,0
1,11,20,1,0.15,0.83,0,0,0
0,0,20,0,0.51,0.47,1,0,0
1,5,2,1,0.32,0.33,1,1,1
1,1,16,0,0.55,0.38,1,0,0
0,2,14,1,0.8,0.45,1,0,1
1,14,10,0,0.98,0.75,0,1,1
0,3,12,1,0.04,0.55,1,0,0
0,9,16,0,0.65,0.46,0,0,0
1,11,1,0,0.84,0.33,0,1,1
1,11,14,0,0.1,0.66,0,0,0
0,10,11,1,0.55,0.37,0,0,0
0,1,5,1,0.14,0.72,1,1,1
1,3,8,0,0.19,0.93,1,1,1
1,6,14,0,0.72,0.11,0,0,0
1,1,20,0,0.77,0.45,1,0,1
0,15,0,0,0.55,0.43,0,1,0
1,5,18,0,0.73,0.13,1,0,0
1,10,16,1,0.42,0.61,0,0,0
0,8,12,1,0.97,0.45,0,0,0
0,4,13,1,0.84,0.55,1,0,1
1,6,6,0,0.62,0.29,0,1,0
1,4,20,0,0.5,0.69,1,0,0
1,3,11,1,0.58,0.94,1,0,1
1,9,13,0,0.52,0.03,0,0,0
0,1,1,0,0.27,0.79,1,1,0
1,8,4,0,0.69,0.3,0,1,0
0,11,14,0,0.62,0.68,0,0,0
0,12,7,1,0.69,0.05,0,1,0
1,12,13,1,0.97,0.05,0,0,0
1,6,19,1,0.83,0.91,0,0,1
1,6,6,1,0.45,0.98,0,1,1
0,5,5,0,0.38,0.43,1,1,0
1,4,5,1,0.01,0.47,1,1,1
0,1,4,1,0.6,0.77,1,1,1
1,15,18,1,0.07,0.71,0,0,0
0,5,16,0,0.79,0.16,1,0,0
1,2,11,0,0.88,0.66,1,0,1
1,11,9,0,0.95,0.62,0,1,1
1,0,3,1,0.45,0.9,1,1,1
0,1,10,1,0.92,0.94,1,1,1
1,8,17,1,0.02,0.52,0,0,0
1,14,15,0,0.3,0.65,0,0,0
1,2,3,0,0.97,0.77,1,1,1
0,2,6,0,0.86,0.42,1,1,1
0,6,17,1,0.65,0.94,0,0,0
0,0,14,1,0.04,0.07,1,0,0
0,8,17,0,0.57,0.23,0,0,0
1,13,12,1,0.63,0.43,0,0,0
0,12,3,0,0.64,0.62,0,1,0
0,2,11,0,0.29,0.69,1,0,0
0,9,14,1,0.4,0.66,0,0,0
1,5,17,0,0.14,0.39,1,0,0
1,4,9,1,0.96,0.01,1,1,1
0,3,1,0,0.57,0.39,1,1,0
0,9,6,1,0.21,0.91,0,1,0
0,5,5,0,0.62,0.25,1,1,0
0,5,18,0,0.85,0.93,1,0,0
1,2,9,0,0.25,0.2,1,1,0
1,10,11,0,0.67,0.23,0,0,0
1,2,6,1,0.49,0.33,1,1,1
1,4,18,1,0.81,0.96,1,0,1
0,0,10,0,0.79,0.71,1,1,1
1,8,11,0,0.68,0.33,0,0,0
1,14,14,1,0.77,0.49,0,0,1
0,5,20,0,0.84,0.86,1,0,0
0,6,8,0,0.73,0.89,0,1,0
0,12,18,0,0.91,0.55,0,0,0
1,4,11,1,0.22,0.77,1,0,1
1,4,14,0,0.4,0.5,1,0,0
0,5,16,0,0.45,0.18,1,0,0
0,15,11,0,0.22,0.49,0,0,0
0,8,11,0,0.04,0.21,0,0,0
1,12,15,1,0.88,0.04,0,0,0
1,3,16,1,0.83,0.26,1,0,1
0,12,20,1,0.37,0.65,0,0,0
0,8,12,0,0.52,0.35,0,0,0
1,15,15,0,0.5,0.14,0,0,0
0,7,2,1,0.21,0.19,0,1,0
1,3,7,1,0.81,0.72,1,1,1
1,15,15,0,0.59,0.65,0,0,0
1,0,7,0,0.13,0.59,1,1,1
0,1,18,0,0.06,0.26,1,0,0
0,12,19,0,0.88,0.73,0,0,0
1,2,6,1,0.61,0.47,1,1,1
1,5,7,1,0.6,0.79,1,1,1
0,8,5,1,0.92,0.6,0,1,1
0,7,12,1,0.13,0.02,0,0,0
1,4,19,0,0.18,0.9,1,0,0
0,3,2,1,0.66,0.9,1,1,1
0,13,16,1,0.37,0.04,0,0,0
1,7,15,1,0.35,0.8,0,0,0
0,13,4,1,0.48,0.23,0,1,0
0,9,19,1,0.26,0.01,0,0,0
0,3,16,0,0.38,0.21,1,0,0
1,13,11,0,0.15,0.65,0,0,0
1,8,17,1,0.56,0.61,0,0,0
1,6,13,1,0.18,0.56,0,0,0
1,8,9,1,0.77,0.4,0,1,1
0,3,7,1,0.78,0.95,1,1,1
0,6,16,1,0.79,0.8,0,0,0
0,5,12,0,0.8,0.82,1,0,0
1,13,2,0,0.26,0.37,0,1,0
0,12,12,1,0.71,0.6,0,0,0
0,15,14,0,0.2,0.66,0,0,0
1,6,1,0,0.62,0.67,0,1,1
1,7,20,0,0.98,0.09,0,0,0
1,12,11,1,0.41,0.2,0,0,0
0,2,2,1,0.73,0.56,1,1,1
1,11,8,0,0.61,0.19,0,1,0
1,0,8,0,0.41,0.11,1,1,1
0,9,10,0,0.8,0.96,0,1,0
1,14,12,1,0.77,0.76,0,0,1
1,14,18,0,0.48,0.26,0,0,0
1,7,7,1,0.41,0.35,0,1,1
0,8,7,1,0.09,0.67,0,1,0
1,2,17,0,0.48,0.35,1,0,0
1,5,6,1,0.74,0.23,1,1,1
0,8,6,0,0.2,0.25,0,1,0
1,4,3,0,0.92,0.68,1,1,1
1,0,17,0,0.85,0.37,1,0,1
1,15,18,1,0.49,0.98,0,0,1
1,12,7,0,0.05,0.8,0,1,0
1,1,16,1,0.39,0.69,1,0,1
0,14,3,1,0.32,0.01,0,1,0
0,12,18,0,0.33,0.61,0,0,0
1,5,17,1,0.24,0.47,1,0,1
1,11,5,1,0.42,0.42,0,1,1
1,11,12,1,0.45,0.57,0,0,0
0,3,8,0,0.56,0.86,1,1,1
0,4,4,1,0.81,0.18,1,1,1
1,4,20,1,0.79,0.3,1,0,1
0,12,3,0,0.06,0.81,0,1,0
1,3,14,1,0.26,0.36,1,0,1
1,11,0,1,0.12,0.87,0,1,1
0,5,9,1,0.33,0.51,1,1,1
1,2,12,1,0.46,0.96,1,0,1
0,10,13,1,0.85,0.07,0,0,0
0,10,7,1,0.32,0.29,0,1,0
1,12,8,1,0.78,0.94,0,1,1
1,13,5,0,0.85,0.13,0,1,0
0,8,2,0,0.17,0.1,0,1,0
0,15,17,0,0.03,0.4,0,0,0
0,3,8,0,0.08,0.93,1,1,0
1,9,7,0,0.74,0.44,0,1,1
0,4,16,0,0.03,0.66,1,0,0
1,15,14,1,0.55,0.14,0,0,0
0,14,20,1,0.52,0.64,0,0,0
1,11,15,0,0.8,0.44,0,0,0
1,13,8,0,0.3,0.0,0,1,0
0,11,9,1,0.54,0.69,0,1,0
1,15,9,0,0.77,0.8,0,1,1
0,0,17,1,0.19,0.88,1,0,0
1,12,7,0,0.71,0.65,0,1,1
1,7,8,0,0.42,0.24,0,1,0
1,9,20,1,0.41,0.85,0,0,0
0,4,9,0,0.64,0.62,1,1,1
1,15,6,1,0.02,0.05,0,1,0
0,5,3,1,0.27,0.72,1,1,1
0,7,2,0,0.01,0.22,0,1,0
1,9,15,1,0.46,0.79,0,0,0
1,2,4,0,0.27,0.39,1,1,1
1,5,6,1,0.82,0.83,1,1,1
0,7,12,1,0.25,0.99,0,0,0
0,14,3,0,0.47,0.68,0,1,0
1,10,5,0,0.74,0.55,0,1,1
0,8,15,1,0.2,0.89,0,0,0
0,3,7,1,0.32,0.17,1,1,1
1,3,12,0,0.01,0.04,1,0,0
1,4,11,0,0.25,0.5,1,0,0
1,1,1,1,0.64,0.7,1,1,1
0,4,15,0,0.32,0.56,1,0,0
1,14,6,0,0.69,0.36,0,1,0
0,8,1,1,0.71,0.56,0,1,1
1,6,18,0,0.54,0.32,0,0,0
1,8,19,0,0.07,0.16,0,0,0
1,8,17,1,0.45,0.78,0,0,0
1,5,0,1,0.78,0.24,1,1,1
0,12,6,1,0.77,0.15,0,1,0
1,10,13,1,0.11,0.52,0,0,0
0,1,4,0,0.87,0.2,1,1,0
1,6,3,0,0.57,0.84,0,1,1
1,8,1,1,0.22,0.72,0,1,1
0,6,20,1,0.93,0.83,0,0,0
1,1,11,1,0.82,0.79,1,0,1
0,8,16,0,0.73,0.83,0,0,0
0,6,16,0,0.1,0.23,0,0,0
1,6,6,0,0.57,0.95,0,1,1
1,3,20,1,0.67,0.7,1,0,1
1,3,5,0,0.55,0.5,1,1,1
0,14,11,1,0.55,1.0,0,0,0
1,13,20,1,0.83,0.32,0,0,1
0,6,12,1,0.36,0.45,0,0,0
1,0,1,1,0.6,0.52,1,1,1
1,0,9,0,0.21,0.31,1,1,0
1,4,3,0,0.46,0.16,1,1,1
1,11,18,0,0.23,0.81,0,0,0
0,12,18,0,0.73,0.72,0,0,0
1,5,15,0,0.6,0.3,1,0,0
1,2,1,1,0.35,0.82,1,1,1
1,3,7,0,0.63,0.63,1,1,1
0,9,16,0,0.32,0.56,0,0,0
1,7,4,0,0.67,1.0,0,1,1
1,2,7,1,0.29,0.39,1,1,1
0,10,2,1,0.57,0.05,0,1,0
1,8,2,1,0.5,0.77,0,1,1
0,4,15,0,0.49,0.65,1,0,0
0,7,7,0,0.27,0.43,0,1,0
0,3,13,1,0.37,0.19,1,0,0
1,0,9,0,0.99,0.62,1,1,1
1,4,14,0,0.92,0.23,1,0,1
1,4,2,0,0.74,0.24,1,1,1
0,9,0,1,0.69,0.11,0,1,0
1,15,0,1,0.21,0.54,0,1,1
0,8,17,1,0.62,0.99,0,0,0
0,12,18,0,0.26,0.06,0,0,0
0,8,1,1,0.65,0.01,0,1,0
1,8,11,0,0.02,0.87,0,0,0
1,7,12,0,0.9,0.48,0,0,0
0,5,6,1,0.56,0.71,1,1,1
0,7,16,1,0.33,0.39,0,0,0
0,0,11,1,0.36,0.3,1,0,0
1,1,20,1,0.88,0.89,1,0,1
0,8,7,0,0.34,0.39,0,1,0
0,2,12,0,0.42,0.57,1,0,0
1,9,19,1,0.45,0.13,0,0,0
0,6,4,1,0.69,0.9,0,1,1
0,13,4,0,0.32,0.56,0,1,0
0,5,10,0,0.73,0.77,1,1,1
1,13,9,1,0.75,0.82,0,1,1
1,4,6,0,0.13,0.03,1,1,0
1,7,19,0,0.23,0.03,0,0,0
0,15,4,1,0.71,0.37,0,1,0
1,15,15,0,0.16,0.23,0,0,0
1,0,8,1,0.22,0.67,1,1,1
0,6,2,0,0.93,0.99,0,1,0
1,10,14,0,0.43,0.78,0,0,0
1,10,12,0,0.52,0.45,0,0,0
0,7,16,1,0.98,0.04,0,0,0
1,1,6,1,0.44,0.88,1,1,1
1,14,5,1,0.29,0.92,0,1,1
0,14,20,1,0.09,0.5,0,0,0
0,4,12,1,0.32,0.02,1,0,0
1,6,14,0,0.25,0.69,0,0,0
0,3,2,0,0.71,0.63,1,1,1
0,12,16,0,0.38,0.38,0,0,0
0,10,18,0,0.16,0.14,0,0,0
0,13,9,1,0.73,0.96,0,1,1
1,5,3,0,0.96,0.0,1,1,1
1,0,14,1,0.86,0.54,1,0,1
0,15,7,0,0.59,0.48,0,1,0
1,14,2,0,0.24,0.55,0,1,0
0,1,5,0,0.06,0.35,1,1,0
0,1,18,1,0.33,0.09,1,0,0
0,13,5,0,0.67,0.61,0,1,0
0,14,18,1,0.93,0.09,0,0,0
1,10,11,1,0.82,0.76,0,0,1
0,9,15,0,0.12,0.86,0,0,0
1,13,16,0,0.7,0.61,0,0,0
0,2,15,1,0.43,0.85,1,0,0
1,11,4,1,0.52,0.63,0,1,1
1,5,19,0,0.71,0.98,1,0,1
0,3,0,1,0.63,0.12,1,1,1
0,13,13,0,0.33,0.56,0,0,0
0,0,20,0,0.69,0.25,1,0,0
0,9,9,1,0.77,0.11,0,1,0
1,10,12,0,0.83,0.19,0,0,0
1,15,15,0,0.65,0.48,0,0,0
1,10,14,1,0.93,0.06,0,0,0
1,10,17,0,0.21,0.69,0,0,0
1,2,4,1,0.84,0.34,1,1,1
1,5,18,1,0.19,0.12,1,0,0
1,10,1,1,0.41,0.5,0,1,1
0,11,14,1,0.22,0.3,0,0,0
0,11,1,0,0.91,0.44,0,1,0
0,15,16,0,0.19,0.92,0,0,0
1,10,4,0,0.82,0.94,0,1,1
0,6,1,1,0.39,0.86,0,1,0
0,0,9,0,0.69,0.59,1,1,1
0,10,14,0,0.1,0.77,0,0,0
1,0,18,1,0.64,0.21,1,0,1
0,6,9,1,0.53,0.77,0,1,0
0,8,4,0,0.27,0.02,0,1,0
0,6,17,1,0.55,0.27,0,0,0
1,7,5,0,0.31,0.89,0,1,0
1,1,4,0,0.47,0.68,1,1,1
0,12,1,0,0.43,0.18,0,1,0
1,11,9,1,0.82,0.71,0,1,1
0,14,18,0,0.09,0.8,0,0,0
1,3,14,1,0.68,0.71,1,0,1
1,15,7,0,0.14,0.9,0,1,0
1,11,12,0,0.7,0.67,0,0,0
1,14,15,0,0.07,0.11,0,0,0
1,14,5,1,0.77,0.6,0,1,1
0,3,12,0,0.33,0.65,1,0,0
1,14,12,1,0.24,0.24,0,0,0
0,15,12,0,0.34,0.81,0,0,0
1,13,18,1,0.54,0.24,0,0,0
0,15,3,1,0.33,0.1,0,1,0
1,5,9,1,0.07,0.11,1,1,1
1,10,15,0,0.09,0.82,0,0,0
0,4,4,1,0.53,0.39,1,1,1
1,6,6,1,0.3,0.79,0,1,1
1,13,11,0,0.58,0.61,0,0,0
1,4,9,0,0.37,0.55,1,1,1
0,0,17,1,0.11,0.28,1,0,0
0,7,13,1,0.63,0.71,0,0,0
1,12,13,0,0.66,0.47,0,0,0
0,12,11,1,0.15,1.0,0,0,0
0,4,0,0,0.65,0.14,1,1,0
1,13,4,0,0.14,0.81,0,1,0
1,13,19,0,0.45,0.42,0,0,0
1,12,11,0,0.19,0.6,0,0,0
1,7,16,1,0.41,0.55,0,0,0
1,1,1,1,0.7,0.11,1,1,1
1,2,4,1,0.46,0.08,1,1,1
0,7,15,0,0.68,0.54,0,0,0
1,1,10,0,0.47,0.51,1,1,1
1,10,13,1,0.96,0.8,0,0,1
1,5,1,1,0.73,0.56,1,1,1
0,15,18,0,0.57,0.66,0,0,0
1,0,9,1,0.08,0.51,1,1,1
1,8,4,1,0.28,0.26,0,1,1
0,5,18,0,0.66,0.37,1,0,0
0,8,7,1,0.18,0.53,0,1,0
0,10,2,0,0.6,0.82,0,1,0
1,13,12,0,0.66,0.73,0,0,0
0,6,18,1,0.05,0.26,0,0,0
0,1,5,1,0.4,0.3,1,1,1
0,12,12,1,0.26,0.53,0,0,0
1,0,9,1,0.38,0.32,1,1,1
0,3,17,1,0.96,0.43,1,0,1
1,10,8,1,0.8,0.26,0,1,1
1,14,7,0,0.52,0.68,0,1,0
0,10,17,0,0.67,0.83,0,0,0
0,13,3,0,0.69,0.35,0,1,0
1,8,6,0,0.02,0.09,0,1,0
0,3,3,0,0.86,0.13,1,1,0
0,3,5,1,0.29,0.66,1,1,1
0,14,8,1,0.69,0.67,0,1,1
1,8,5,0,0.28,0.06,0,1,0
1,10,1,1,0.96,0.26,0,1,1
1,2,15,0,0.61,0.18,1,0,0
1,3,4,1,0.22,0.64,1,1,1
1,8,3,0,0.07,0.57,0,1,0
1,14,0,1,0.15,0.64,0,1,1
0,12,8,0,0.7,0.9,0,1,0
0,15,15,1,0.4,0.73,0,0,0
0,7,0,1,0.95,0.82,0,1,1
1,3,18,1,0.33,0.3,1,0,1
0,2,11,1,0.08,0.46,1,0,0
1,6,5,0,0.97,0.66,0,1,1
1,12,3,1,0.49,0.89,0,1,1
1,6,4,0,0.19,0.72,0,1,0
0,15,12,0,0.79,0.64,0,0,0
1,14,0,0,0.34,0.34,0,1,0
0,12,3,0,0.81,0.67,0,1,0
1,4,18,0,0.92,0.04,1,0,0
0,15,20,0,0.47,0.92,0,0,0
0,7,20,0,0.01,0.63,0,0,0
1,3,14,0,0.84,0.06,1,0,0
0,3,15,0,0.06,0.2,1,0,0
1,12,10,0,0.98,0.58,0,1,1
0,10,6,0,0.59,0.34,0,1,0
0,8,4,1,0.17,0.37,0,1,0
0,14,7,0,0.13,0.79,0,1,0
1,5,0,1,0.08,0.01,1,1,1
0,9,13,1,0.69,0.21,0,0,0
1,14,13,0,0.94,0.61,0,0,0
0,5,15,0,0.63,0.78,1,0,0
1,13,0,0,0.19,0.99,0,1,0
0,11,17,0,0.46,0.63,0,0,0
0,8,1,0,0.11,0.15,0,1,0
1,15,5,0,0.67,0.04,0,1,0
1,9,6,1,0.25,0.62,0,1,1
1,1,3,0,0.92,0.18,1,1,1
0,15,16,0,0.07,0.24,0,0,0
1,10,13,0,0.75,0.9,0,0,0
0,3,10,0,0.1,0.74,1,1,0
0,12,7,0,0.47,0.48,0,1,0
1,4,6,1,0.18,0.37,1,1,1
1,6,20,1,0.98,0.2,0,0,1
0,1,18,0,0.28,0.11,1,0,0
1,14,13,0,0.76,0.22,0,0,0
1,5,20,0,0.58,0.55,1,0,0
0,2,13,1,0.86,0.22,1,0,0
1,14,8,0,0.73,0.74,0,1,1
0,7,10,1,0.58,0.89,0,1,1
0,0,13,0,0.04,0.47,1,0,0
0,13,16,1,0.48,0.8,0,0,0
0,14,15,0,0.08,0.75,0,0,0
1,6,4,1,0.3,0.65,0,1,1
0,0,15,1,0.16,0.46,1,0,0
0,14,14,0,0.87,0.41,0,0,0
1,14,20,0,0.86,0.07,0,0,0
1,1,9,1,0.75,0.7,1,1,1
0,2,19,1,0.74,0.05,1,0,0
1,1,3,1,0.37,0.62,1,1,1
1,11,5,0,0.56,0.77,0,1,1
0,10,7,0,0.65,0.74,0,1,0
0,7,10,1,0.9,0.5,0,1,1
1,8,1,0,0.37,0.45,0,1,0
0,15,17,1,0.45,0.37,0,0,0
0,6,14,0,0.08,0.9,0,0,0
1,2,3,0,0.28,0.7,1,1,1
1,4,6,0,0.29,0.97,1,1,1
0,15,11,1,0.44,0.64,0,0,0
1,6,2,0,0.87,0.23,0,1,1
1,13,18,1,0.66,0.79,0,0,1
1,14,14,1,0.57,0.9,0,0,1
1,5,8,0,0.48,0.97,1,1,1
0,4,11,1,0.46,0.17,1,0,0
0,9,5,0,0.84,0.69,0,1,0
0,5,7,0,0.04,0.32,1,1,0
0,14,8,1,0.18,0.56,0,1,0
0,10,11,0,0.37,0.54,0,0,0
0,9,3,0,0.4,0.5,0,1,0
0,14,10,0,0.0,0.74,0,1,0
1,9,15,1,0.97,0.75,0,0,1
0,14,10,0,0.73,0.9,0,1,0
0,3,9,0,0.4,0.84,1,1,0
1,11,2,1,0.06,0.64,0,1,1
0,8,6,0,0.08,0.85,0,1,0
0,12,6,1,0.32,0.61,0,1,0
0,11,12,0,0.72,0.43,0,0,0
1,11,0,1,0.34,0.31,0,1,1
1,2,6,1,0.74,0.42,1,1,1
1,9,5,1,0.73,0.41,0,1,1
0,4,6,1,0.47,0.87,1,1,1
1,2,18,1,0.09,0.41,1,0,0
1,13,5,1,0.71,0.76,0,1,1
0,6,5,1,0.29,0.49,0,1,0
1,9,15,1,0.22,0.79,0,0,0
0,8,9,1,0.12,0.67,0,1,0
1,13,5,1,0.91,0.64,0,1,1
0,3,8,1,0.99,0.07,1,1,1
1,15,18,1,0.87,0.63,0,0,1
1,3,11,0,0.85,0.16,1,0,0
0,4,10,1,0.88,0.14,1,1,1
0,1,8,1,0.42,0.91,1,1,1
1,1,9,1,0.53,0.94,1,1,1
0,5,3,0,0.54,0.87,1,1,1
1,8,11,0,0.53,0.35,0,0,0
0,0,4,1,0.37,0.48,1,1,1
1,5,3,0,0.15,0.22,1,1,0
0,3,13,1,0.92,0.12,1,0,0
0,0,15,1,0.31,0.36,1,0,0
1,10,5,1,0.03,0.81,0,1,1
0,4,4,0,0.31,0.21,1,1,0
0,13,3,0,0.02,0.48,0,1,0
1,1,6,0,0.03,0.66,1,1,1
0,15,3,1,0.04,0.3,0,1,0
0,3,3,0,0.59,0.2,1,1,0
1,0,2,0,0.85,0.94,1,1,1
1,11,5,0,0.5,0.07,0,1,0
0,6,6,1,0.17,0.75,0,1,0
0,3,6,1,0.37,0.59,1,1,1
1,3,5,1,0.98,0.42,1,1,1
0,13,3,1,0.12,0.11,0,1,0
0,15,11,1,0.56,0.04,0,0,0
1,15,3,1,0.28,0.6,0,1,1
1,14,7,1,0.29,0.86,0,1,1
0,2,15,1,0.18,1.0,1,0,0
1,3,12,1,0.52,0.68,1,0,1
0,4,12,1,0.7,0.98,1,0,1
0,2,11,0,0.34,0.59,1,0,0
1,3,7,1,0.73,0.28,1,1,1
1,12,11,1,0.67,0.95,0,0,1
1,8,4,1,0.11,0.25,0,1,0
1,7,20,0,0.03,0.74,0,0,0
0,15,0,0,0.38,0.68,0,1,0
0,9,19,0,0.76,0.66,0,0,0
1,14,6,1,0.66,0.49,0,1,1
1,10,17,0,0.95,0.03,0,0,0
1,3,12,1,0.31,0.38,1,0,1
1,1,1,0,0.56,0.86,1,1,1
1,5,15,1,0.13,0.72,1,0,1
1,3,18,1,0.66,0.69,1,0,1
1,15,17,0,0.51,0.39,0,0,0
1,12,19,1,0.77,0.28,0,0,0
0,0,18,0,0.13,0.37,1,0,0
0,10,12,0,0.43,0.99,0,0,0
1,11,1,0,0.25,0.65,0,1,0
0,2,9,0,0.34,0.02,1,1,0
1,1,14,1,0.57,0.9,1,0,1
1,0,15,0,0.99,0.38,1,0,1
1,10,18,0,0.81,0.1,0,0,0
0,10,15,1,0.17,0.3,0,0,0
1,6,15,0,0.84,0.54,0,0,0
1,8,1,1,1.0,0.4,0,1,1
0,2,18,0,0.59,0.27,1,0,0
1,13,6,1,0.8,0.65,0,1,1
1,9,13,1,0.2,0.4,0,0,0
1,5,0,0,0.58,0.21,1,1,1
1,8,20,1,0.93,0.73,0,0,1
0,6,11,1,0.15,0.15,0,0,0
1,13,13,1,0.86,0.91,0,0,1
0,13,8,1,0.65,0.26,0,1,0
0,12,7,0,0.15,0.03,0,1,0
1,14,15,1,0.42,0.91,0,0,0
0,5,8,0,0.03,0.79,1,1,0
1,5,20,0,0.96,0.49,1,0,1
0,1,2,1,0.6,0.87,1,1,1
1,11,2,1,0.94,0.72,0,1,1
0,7,3,0,0.52,0.83,0,1,0
1,15,2,0,0.6,0.77,0,1,1
1,10,18,1,0.81,0.74,0,0,1
1,6,4,0,0.18,0.97,0,1,0
1,13,8,0,0.49,0.37,0,1,0
0,10,17,1,0.47,0.25,0,0,0
1,4,11,1,0.72,0.82,1,0,1
0,1,1,0,0.25,0.38,1,1,0
1,3,17,0,0.86,0.39,1,0,1
1,8,9,0,0.94,0.76,0,1,1
1,6,5,1,0.63,0.88,0,1,1
1,1,8,0,0.82,0.94,1,1,1
1,13,10,1,0.88,0.82,0,1,1
0,8,16,0,0.35,0.6,0,0,0
1,14,0,0,0.64,0.18,0,1,0
1,4,0,1,0.2,0.31,1,1,1
0,3,5,0,0.52,0.97,1,1,1
0,13,10,1,0.48,0.74,0,1,0
1,5,18,1,0.8,0.2,1,0,1
1,11,5,1,0.88,0.94,0,1,1
0,0,0,0,0.91,0.97,1,1,1
0,8,5,0,0.4,0.43,0,1,0
1,4,2,1,0.17,0.57,1,1,1
0,13,14,1,0.12,0.71,0,0,0
0,8,9,1,0.38,0.43,0,1,0
0,6,9,0,0.42,0.41,0,1,0
0,0,9,1,0.24,0.45,1,1,1
0,11,18,1,0.09,0.47,0,0,0
1,12,6,1,0.71,0.74,0,1,1
1,2,3,0,0.05,0.93,1,1,1
1,11,19,0,0.01,0.5,0,0,0
1,9,12,1,0.13,0.89,0,0,0
0,5,8,0,0.5,0.93,1,1,1
1,4,2,1,0.71,0.43,1,1,1
1,3,10,0,0.98,0.5,1,1,1
1,11,13,1,0.9,0.26,0,0,1
1,10,13,0,0.32,0.99,0,0,0
0,14,1,0,0.15,0.23,0,1,0
0,15,8,0,0.71,0.44,0,1,0
1,1,14,1,0.99,0.56,1,0,1
1,15,3,0,0.12,0.09,0,1,0
1,5,5,1,0.56,0.66,1,1,1
0,0,16,0,0.42,0.08,1,0,0
1,3,10,0,0.28,0.98,1,1,1
0,12,11,0,0.84,0.15,0,0,0
0,14,15,1,0.63,0.27,0,0,0
0,10,1,1,0.32,0.73,0,1,0
0,6,1,1,0.32,0.06,0,1,0
0,12,2,1,0.26,0.24,0,1,0
1,2,0,0,0.16,0.78,1,1,1
1,4,3,1,0.49,0.43,1,1,1
1,4,11,0,0.83,0.51,1,0,1
1,14,12,1,0.27,0.6,0,0,0
0,13,11,0,0.43,0.43,0,0,0
0,10,14,0,0.65,0.71,0,0,0
1,2,9,1,0.44,0.91,1,1,1
1,9,4,0,0.68,0.3,0,1,0
0,13,9,0,0.55,0.92,0,1,0
0,13,13,0,0.46,0.72,0,0,0
1,11,8,0,0.77,0.02,0,1,0
1,5,5,1,0.05,0.42,1,1,1
1,10,18,1,0.76,0.45,0,0,1
1,10,5,0,0.19,0.75,0,1,0
1,3,13,0,0.01,0.12,1,0,0
0,15,14,1,0.87,0.97,0,0,0
1,9,19,1,0.69,0.96,0,0,1
1,9,2,0,0.14,0.19,0,1,0
0,6,0,0,0.48,0.15,0,1,0
0,13,20,0,0.09,0.77,0,0,0
0,15,13,0,0.12,0.9,0,0,0
1,15,15,0,0.86,0.59,0,0,0
0,9,18,1,0.05,0.01,0,0,0
1,13,15,1,0.04,0.4,0,0,0
1,7,1,0,0.42,0.32,0,1,0
0,8,20,1,0.89,0.12,0,0,0
1,14,13,0,0.16,0.73,0,0,0
1,11,14,0,0.51,0.59,0,0,0
1,14,4,1,0.72,0.39,0,1,1
1,11,15,0,0.62,0.28,0,0,0
0,15,4,0,0.2,0.61,0,1,0
0,13,15,1,0.23,0.56,0,0,0
0,11,8,1,0.68,0.17,0,1,0
0,2,10,1,0.11,0.23,1,1,0
0,15,8,1,0.78,0.77,0,1,1
1,4,16,0,0.71,0.93,1,0,1
1,14,3,0,0.78,0.61,0,1,1
0,1,16,0,0.17,0.12,1,0,0
0,11,5,1,0.71,0.76,0,1,1
1,3,4,1,0.33,0.14,1,1,1
0,14,13,0,0.25,0.81,0,0,0
1,9,16,0,0.09,0.37,0,0,0
1,11,20,0,0.15,0.75,0,0,0
1,7,4,1,0.41,0.41,0,1,1
1,11,0,1,0.15,0.01,0,1,0
0,2,10,1,0.4,0.77,1,1,1
1,1,12,0,0.66,0.64,1,0,1
0,9,13,1,0.89,0.7,0,0,0
1,10,11,0,0.83,0.9,0,0,0
0,12,14,0,0.89,0.62,0,0,0
1,11,20,1,0.78,0.88,0,0,1
0,1,17,1,0.39,0.72,1,0,0
0,9,6,0,0.51,0.31,0,1,0
1,5,0,0,0.89,0.54,1,1,1
1,7,9,1,0.99,0.11,0,1,1
0,11,8,1,0.12,0.76,0,1,0
0,14,9,0,0.45,0.98,0,1,0
0,11,9,1,0.67,0.82,0,1,1
0,12,16,0,0.11,0.52,0,0,0
0,11,14,0,0.15,0.43,0,0,0
1,2,2,0,0.42,0.13,1,1,1
0,14,2,1,0.68,0.4,0,1,0
1,8,18,1,0.64,1.0,0,0,1
1,13,5,0,0.51,0.48,0,1,0
1,4,16,0,0.69,0.46,1,0,0
0,5,17,1,0.92,0.12,1,0,0
1,3,3,1,0.57,0.04,1,1,1
0,3,11,1,0.99,0.3,1,0,1
1,0,4,0,0.78,0.42,1,1,1
1,9,6,0,0.82,0.49,0,1,1
0,11,2,0,0.42,0.57,0,1,0
1,10,12,1,0.83,0.83,0,0,1
0,4,16,1,0.76,0.67,1,0,1
0,10,2,1,0.39,0.9,0,1,0
1,1,14,1,0.65,0.87,1,0,1
0,9,17,0,0.64,0.09,0,0,0
0,6,15,0,0.12,0.94,0,0,0
0,0,8,0,0.25,0.71,1,1,0
1,2,17,1,0.4,0.04,1,0,1
0,10,13,0,0.41,0.86,0,0,0
1,12,8,0,0.11,0.1,0,1,0
0,9,4,0,0.26,0.09,0,1,0
1,13,5,0,0.61,0.33,0,1,0
0,1,9,1,0.1,0.14,1,1,0
1,8,12,0,0.05,0.24,0,0,0
0,15,16,1,0.95,0.27,0,0,0
1,14,17,1,0.07,0.03,0,0,0
0,0,8,0,0.25,0.55,1,1,0
0,9,18,1,0.45,0.85,0,0,0
0,4,11,0,0.78,0.54,1,0,0
1,14,1,0,0.81,0.96,0,1,1
1,5,0,0,0.93,0.48,1,1,1
1,12,11,0,0.59,0.51,0,0,0
0,5,17,0,0.3,0.4,1,0,0
0,4,17,1,0.88,0.21,1,0,1
1,10,20,1,0.98,0.71,0,0,1
1,7,10,1,0.21,0.96,0,1,1
1,0,4,0,0.61,0.0,1,1,1
0,5,13,1,0.76,0.54,1,0,1
0,0,14,0,0.35,0.81,1,0,0
1,12,5,0,0.12,0.37,0,1,0
0,14,0,0,0.74,0.76,0,1,0
1,6,2,1,0.81,0.22,0,1,1
1,11,1,1,0.49,0.7,0,1,1
0,0,6,1,0.11,0.28,1,1,0
1,5,17,0,0.66,0.57,1,0,1
0,2,18,0,0.75,0.13,1,0,0
0,8,6,0,0.99,0.69,0,1,0
1,14,0,1,0.64,0.94,0,1,1
0,10,13,1,0.27,0.68,0,0,0
1,15,11,0,0.88,0.22,0,0,0
1,13,17,1,0.32,0.39,0,0,0
1,2,18,0,0.99,0.23,1,0,1
1,2,7,0,0.16,0.31,1,1,0
0,0,15,1,0.81,0.59,1,0,1
1,8,7,0,0.47,0.96,0,1,1
0,10,16,0,0.94,0.78,0,0,0
1,3,20,1,0.58,0.09,1,0,1
0,1,12,1,0.89,0.69,1,0,1
0,1,14,0,0.3,0.63,1,0,0
0,3,1,0,0.29,0.38,1,1,0
0,13,7,0,0.45,0.46,0,1,0
1,3,10,0,0.45,0.33,1,1,1
0,3,3,0,0.6,0.07,1,1,0
0,4,20,1,0.36,0.48,1,0,0
1,5,7,0,0.8,0.06,1,1,1
1,13,16,1,0.31,0.89,0,0,0
0,4,15,1,0.6,0.29,1,0,0
0,4,1,0,0.51,0.84,1,1,1
0,13,11,0,0.98,0.64,0,0,0
0,2,10,0,0.67,0.69,1,1,1
1,10,18,1,0.62,0.42,0,0,0
0,3,14,0,0.5,0.92,1,0,0
0,7,14,0,0.24,0.73,0,0,0
1,12,6,1,0.18,0.99,0,1,1
1,0,2,1,0.03,0.12,1,1,1
1,14,6,1,0.04,0.03,0,1,0
0,9,5,0,0.89,0.72,0,1,0
1,7,5,0,0.02,0.84,0,1,0
0,0,4,1,0.65,0.89,1,1,1
1,6,9,1,0.24,0.81,0,1,1
0,13,2,0,0.14,0.92,0,1,0
0,6,17,1,0.69,0.32,0,0,0
1,7,1,0,0.85,0.29,0,1,1
0,10,7,0,0.63,0.28,0,1,0
0,15,6,0,0.78,0.79,0,1,0
0,5,16,1,0.75,0.65,1,0,1
1,15,16,1,0.18,0.71,0,0,0
1,15,15,1,0.58,0.64,0,0,0
0,6,7,0,0.45,0.23,0,1,0
0,9,13,1,0.57,0.94,0,0,0
1,8,17,0,0.13,0.08,0,0,0
1,11,7,0,0.47,0.62,0,1,0
1,14,14,1,0.41,0.8,0,0,0
1,8,12,0,0.18,0.23,0,0,0
0,11,2,1,0.84,0.51,0,1,1
0,8,7,0,0.12,0.36,0,1,0
0,10,6,1,0.25,0.75,0,1,0
1,6,19,0,1.0,0.75,0,0,0
1,0,9,1,0.82,0.78,1,1,1
1,12,18,0,0.47,0.51,0,0,0
0,12,7,0,0.72,0.21,0,1,0
0,14,14,1,0.79,0.31,0,0,0
0,13,13,0,0.44,0.85,0,0,0
0,11,4,0,0.31,0.74,0,1,0
1,11,10,0,0.42,0.69,0,1,0
1,9,10,0,0.57,0.03,0,1,0
0,4,10,1,0.98,0.2,1,1,1
1,2,17,1,0.19,0.11,1,0,0
1,9,2,0,0.1,0.55,0,1,0
0,15,0,0,0.2,0.91,0,1,0
1,9,6,0,0.29,0.52,0,1,0
1,1,11,0,0.17,0.86,1,0,0
1,12,5,0,0.13,0.42,0,1,0
0,12,6,0,0.87,0.31,0,1,0
1,5,19,1,0.59,0.5,1,0,1
1,8,6,0,0.99,0.45,0,1,1
1,7,16,1,0.91,0.88,0,0,1
1,14,18,0,0.74,0.29,0,0,0
1,11,9,1,0.61,0.81,0,1,1
0,13,7,0,0.9,0.73,0,1,0
1,12,5,0,0.39,0.95,0,1,0
0,5,8,1,0.67,0.07,1,1,1
0,15,13,0,1.0,0.08,0,0,0
0,10,13,1,0.16,0.21,0,0,0
0,14,0,0,0.64,0.68,0,1,0
1,12,10,1,0.86,0.4,0,1,1
0,8,3,0,0.33,0.75,0,1,0
1,14,2,0,0.55,0.24,0,1,0
1,4,15,1,0.84,0.17,1,0,1
0,3,5,1,0.12,0.74,1,1,1
0,2,0,1,0.15,0.36,1,1,0
0,1,17,0,0.44,0.05,1,0,0
0,12,9,1,0.05,0.0,0,1,0
1,6,7,1,0.91,0.2,0,1,1
0,13,0,0,0.34,0.19,0,1,0
0,7,3,0,0.72,0.04,0,1,0
0,10,10,0,0.62,0.93,0,1,0
1,13,3,0,0.21,0.36,0,1,0
0,0,12,1,0.01,0.21,1,0,0
0,2,8,1,0.04,0.89,1,1,1
1,9,19,1,0.98,0.1,0,0,1
0,8,3,1,0.98,0.7,0,1,1
0,10,5,1,0.98,0.67,0,1,1
0,10,0,1,0.38,0.64,0,1,0
0,0,7,0,0.62,0.9,1,1,1
1,7,13,0,0.62,0.06,0,0,0
1,15,9,0,0.15,0.2,0,1,0
0,7,19,1,0.74,0.33,0,0,0
1,10,20,0,0.52,0.98,0,0,0
1,0,7,1,0.34,0.21,1,1,1
0,7,7,1,0.52,0.18,0,1,0
0,2,15,0,0.95,0.05,1,0,0
0,6,4,0,0.17,0.55,0,1,0
0,7,16,0,0.43,0.47,0,0,0
0,6,7,1,0.18,0.25,0,1,0
1,14,20,0,0.27,0.78,0,0,0
0,11,12,1,0.17,0.44,0,0,0
1,4,15,0,0.76,0.43,1,0,1
0,9,19,0,0.55,0.18,0,0,0
1,14,9,1,0.28,0.56,0,1,1
1,2,10,0,0.71,0.2,1,1,1
0,0,0,1,0.49,0.93,1,1,1
1,11,12,1,0.31,0.99,0,0,0
0,13,1,0,0.38,0.57,0,1,0
0,13,8,1,0.51,0.49,0,1,0
1,1,20,1,0.93,0.74,1,0,1
0,15,1,1,0.63,0.68,0,1,1
0,8,19,1,0.94,0.15,0,0,0
0,5,0,0,0.77,0.64,1,1,1
1,12,18,0,0.52,0.19,0,0,0
1,5,13,1,0.69,0.5,1,0,1
1,9,13,0,0.11,0.57,0,0,0
1,4,8,0,0.93,0.4,1,1,1
1,0,5,1,0.0,0.07,1,1,1
1,13,20,1,0.73,0.17,0,0,0
1,5,4,0,0.49,0.5,1,1,1
0,14,18,0,0.19,0.06,0,0,0
0,6,8,1,0.44,0.91,0,1,0
0,5,2,1,0.09,0.12,1,1,0
0,10,0,0,0.48,0.67,0,1,0
0,0,1,1,0.75,0.01,1,1,1
0,3,6,0,0.38,0.52,1,1,0
1,15,15,1,0.6,0.34,0,0,0
1,10,7,1,0.67,0.38,0,1,1
0,11,10,0,0.0,0.87,0,1,0
1,4,0,0,0.87,0.28,1,1,1
0,11,14,1,0.51,0.66,0,0,0
0,10,0,1,0.87,0.97,0,1,1
1,14,7,1,0.4,0.61,0,1,1
0,11,13,1,0.99,0.86,0,0,0
0,12,9,0,0.71,0.87,0,1,0
0,4,15,0,0.3,0.67,1,0,0
1,5,14,0,0.48,0.54,1,0,0
0,6,5,0,0.11,0.99,0,1,0
0,5,10,1,0.77,0.22,1,1,1
1,15,3,0,0.92,0.63,0,1,1
1,2,10,0,0.93,0.77,1,1,1
0,10,12,1,0.65,0.79,0,0,0
1,7,7,1,0.12,0.09,0,1,0
0,10,18,0,0.74,0.12,0,0,0
1,4,10,1,0.58,0.0,1,1,1
0,6,12,1,0.32,0.37,0,0,0
0,7,3,1,0.01,0.85,0,1,0
1,4,9,0,0.5,0.46,1,1,1
1,4,1,1,0.31,0.99,1,1,1
0,8,18,1,0.63,0.22,0,0,0
1,12,1,1,0.15,0.72,0,1,1
0,1,5,1,0.73,0.3,1,1,1
0,0,17,1,0.34,0.68,1,0,0
1,12,12,0,0.53,0.28,0,0,0
0,12,3,0,0.32,0.79,0,1,0
0,9,14,0,0.58,0.44,0,0,0
1,9,4,0,0.22,0.75,0,1,0
0,11,18,0,0.68,0.99,0,0,0
0,12,13,0,0.93,0.1,0,0,0
1,5,1,0,0.98,0.65,1,1,1
1,4,20,1,0.25,0.12,1,0,0
1,15,9,0,0.65,0.38,0,1,0
0,14,20,1,0.28,0.65,0,0,0
1,0,3,0,0.08,0.49,1,1,0
0,0,18,1,0.27,0.75,1,0,0
0,12,15,1,0.3,0.13,0,0,0
1,2,17,0,0.41,0.7,1,0,0
1,15,2,0,0.75,0.21,0,1,0
0,5,19,0,0.01,0.45,1,0,0
1,3,1,0,0.58,0.65,1,1,1
0,8,1,0,0.98,0.51,0,1,0
1,5,13,0,0.25,0.05,1,0,0
1,14,4,1,0.7,0.52,0,1,1
1,6,3,0,0.24,0.19,0,1,0
1,6,4,0,0.59,0.28,0,1,0
1,2,17,1,0.26,0.65,1,0,1
0,12,14,0,0.94,0.68,0,0,0
0,6,2,1,1.0,0.7,0,1,1
0,11,18,0,0.42,0.15,0,0,0
1,12,0,0,0.08,0.12,0,1,0
0,13,2,1,0.64,0.36,0,1,0
1,8,4,0,0.27,0.1,0,1,0
0,12,3,0,0.18,0.73,0,1,0
1,15,3,1,0.7,0.87,0,1,1
1,3,1,0,0.32,0.75,1,1,1
0,11,17,1,0.48,0.13,0,0,0
0,4,4,0,0.38,0.74,1,1,0
0,11,7,1,0.71,0.18,0,1,0
1,14,16,1,0.28,0.43,0,0,0
0,9,20,0,0.95,0.41,0,0,0
1,2,20,0,0.08,0.24,1,0,0
0,5,18,0,0.08,0.29,1,0,0
1,0,13,0,0.48,0.52,1,0,0
0,12,0,0,0.91,0.75,0,1,0
1,11,7,0,0.61,0.96,0,1,1
0,5,2,1,0.84,0.51,1,1,1
0,13,15,1,0.17,0.97,0,0,0
1,7,17,0,0.29,0.48,0,0,0
1,6,0,1,0.22,0.3,0,1,1
0,14,19,1,0.06,0.01,0,0,0
1,10,9,1,0.11,0.35,0,1,0
0,12,11,0,0.1,0.49,0,0,0
0,4,13,0,0.91,0.01,1,0,0
1,7,15,1,0.37,0.36,0,0,0
0,8,3,1,0.66,0.44,0,1,0
0,11,13,0,0.36,0.87,0,0,0
0,3,6,1,0.04,0.39,1,1,0
1,1,5,0,0.95,0.96,1,1,1
1,3,13,1,0.55,0.8,1,0,1
0,10,12,1,0.13,0.96,0,0,0
0,4,4,1,0.5,0.77,1,1,1
0,1,10,1,0.98,0.74,1,1,1
1,15,9,1,0.49,0.76,0,1,1
0,4,16,0,0.25,0.77,1,0,0
1,7,13,0,0.47,0.78,0,0,0
0,5,6,0,0.23,0.13,1,1,0
0,8,6,0,0.43,0.62,0,1,0
0,1,12,1,0.52,0.7,1,0,0
0,7,10,1,0.48,0.51,0,1,0
0,9,3,1,0.36,0.94,0,1,0
1,7,10,0,0.18,0.0,0,1,0
1,6,9,1,0.28,0.61,0,1,1
1,5,8,1,0.36,0.3,1,1,1
0,0,17,0,0.33,0.74,1,0,0
1,11,7,1,0.21,0.38,0,1,1
0,4,20,0,0.04,0.97,1,0,0
0,6,14,0,0.07,0.55,0,0,0
1,9,15,0,0.53,0.15,0,0,0
0,6,13,1,0.89,0.76,0,0,0
1,11,14,0,0.91,0.07,0,0,0
1,0,5,1,0.7,0.13,1,1,1
0,1,6,1,0.5,0.53,1,1,1
0,5,14,1,0.56,0.39,1,0,0
1,6,5,0,0.16,0.22,0,1,0
0,14,16,1,0.3,0.22,0,0,0
1,3,5,0,0.05,0.24,1,1,0
0,4,8,0,0.27,0.79,1,1,0
0,6,17,0,0.0,0.35,0,0,0
1,10,2,1,0.72,0.41,0,1,1
1,10,1,0,0.82,0.22,0,1,0
1,5,8,0,0.54,0.98,1,1,1
0,12,20,1,0.87,0.63,0,0,0
0,14,7,1,0.27,0.58,0,1,0
1,4,14,0,0.73,0.43,1,0,0
0,15,2,1,0.18,0.19,0,1,0
0,6,18,1,0.94,0.18,0,0,0
1,0,9,0,0.89,0.82,1,1,1
0,2,4,0,0.43,0.46,1,1,0
1,3,16,0,0.73,0.81,1,0,1
0,12,12,0,0.11,0.01,0,0,0
0,4,7,0,0.27,0.94,1,1,0
0,0,3,1,0.85,0.08,1,1,1
0,15,18,1,0.82,0.31,0,0,0
1,4,7,0,0.54,0.27,1,1,1
0,0,1,0,0.54,0.1,1,1,0
1,4,0,0,0.02,0.43,1,1,0
0,11,20,1,0.23,0.88,0,0,0
1,3,15,0,0.99,0.22,1,0,1
1,11,2,1,0.12,0.92,0,1,1
0,1,19,0,0.18,0.53,1,0,0
0,13,4,1,0.62,0.29,0,1,0
0,8,15,1,0.93,0.81,0,0,0
0,0,4,0,0.32,0.39,1,1,0
1,2,3,1,0.96,0.28,1,1,1
0,10,4,0,0.77,0.35,0,1,0
1,13,15,1,0.6,0.64,0,0,0
0,7,12,1,0.55,0.54,0,0,0
1,7,12,0,0.58,0.42,0,0,0
0,2,7,1,0.0,0.99,1,1,1
0,11,17,1,0.96,0.92,0,0,0
0,11,11,0,0.29,0.14,0,0,0
1,7,6,0,0.06,0.14,0,1,0
0,12,0,1,0.37,0.7,0,1,0
0,15,19,0,0.03,0.37,0,0,0
0,7,2,0,0.57,0.81,0,1,0
0,5,15,0,0.75,0.7,1,0,0
1,15,13,1,0.44,0.64,0,0,0
0,9,3,0,0.06,0.64,0,1,0
0,5,0,1,0.83,0.68,1,1,1
1,8,18,1,0.71,0.42,0,0,0
0,8,2,1,0.98,0.13,0,1,1
0,12,19,0,0.22,0.18,0,0,0
0,14,15,1,0.65,0.41,0,0,0
1,5,1,1,0.65,0.19,1,1,1
0,3,2,1,0.6,0.85,1,1,1
0,7,9,0,0.54,0.07,0,1,0
0,9,6,0,0.64,0.03,0,1,0
1,2,18,0,0.56,0.79,1,0,1
0,1,10,0,0.94,0.01,1,1,0
1,9,12,0,0.31,0.39,0,0,0
1,4,3,1,0.41,0.74,1,1,1
0,4,0,1,0.48,0.87,1,1,1
0,9,5,0,0.68,0.08,0,1,0
0,7,6,0,0.77,0.16,0,1,0
1,14,4,1,0.29,0.62,0,1,1
1,1,12,0,0.21,0.61,1,0,0
0,4,18,1,0.1,0.01,1,0,0
1,2,15,0,0.45,0.17,1,0,0
1,5,2,1,0.58,0.35,1,1,1
0,5,14,1,0.99,0.98,1,0,1
1,4,3,1,0.04,0.86,1,1,1
1,13,19,0,0.44,0.51,0,0,0
1,11,2,1,0.51,0.26,0,1,1
0,1,7,0,0.15,0.11,1,1,0
1,5,18,1,0.85,0.22,1,0,1
1,2,11,1,0.47,0.54,1,0,1
1,3,2,0,0.73,0.92,1,1,1
1,13,6,1,0.33,0.32,0,1,1
1,6,15,0,0.28,0.04,0,0,0
0,15,4,0,0.32,0.03,0,1,0
1,1,11,1,0.98,0.21,1,0,1
0,0,13,1,0.25,0.18,1,0,0
0,2,8,1,0.08,0.87,1,1,1
1,13,16,0,0.67,0.26,0,0,0
0,2,13,1,0.96,0.3,1,0,1
0,11,13,1,0.48,0.69,0,0,0
0,13,11,1,0.82,0.56,0,0,0
0,2,18,0,0.32,0.99,1,0,0
1,0,4,1,0.93,0.5,1,1,1
1,3,13,1,0.52,0.0,1,0,1
1,4,20,1,0.64,0.58,1,0,1
0,6,6,1,0.7,0.77,0,1,1
1,6,11,0,0.95,0.97,0,0,0
0,11,11,0,0.3,0.31,0,0,0
0,15,20,1,0.41,0.35,0,0,0
1,10,3,0,0.46,0.37,0,1,0
0,13,12,1,0.85,0.69,0,0,0
1,9,19,0,1.0,0.81,0,0,0
0,2,20,0,0.62,0.41,1,0,0
1,3,20,1,0.5,0.81,1,0,1
1,13,6,0,0.78,0.55,0,1,1
0,6,15,0,0.35,0.79,0,0,0
1,13,20,1,0.01,0.37,0,0,0
0,9,8,1,0.31,0.9,0,1,0
1,7,0,1,0.03,0.03,0,1,0
1,10,10,0,0.96,0.99,0,1,1
0,12,6,1,0.83,0.8,0,1,1
1,4,20,1,0.98,0.17,1,0,1
1,5,13,0,0.1,0.8,1,0,0
0,12,20,1,0.84,0.16,0,0,0
1,6,2,0,0.03,0.01,0,1,0
0,0,19,0,0.57,0.03,1,0,0
0,14,20,1,0.19,0.65,0,0,0
0,9,6,0,0.73,0.81,0,1,0
1,8,1,1,0.08,0.14,0,1,0
0,3,3,1,0.93,0.12,1,1,1
0,9,8,0,0.09,0.49,0,1,0
1,6,12,0,0.49,0.02,0,0,0
0,15,20,0,0.21,0.42,0,0,0
1,14,5,0,0.3,0.9,0,1,0
0,3,10,1,0.48,0.61,1,1,1
0,5,16,1,0.93,0.19,1,0,1
0,0,16,0,0.22,0.36,1,0,0
0,0,10,0,0.22,0.73,1,1,0
0,8,8,1,0.2,0.09,0,1,0
1,14,15,1,0.51,0.4,0,0,0
0,8,5,0,0.69,0.89,0,1,0
1,12,3,1,0.17,0.21,0,1,0
1,13,14,1,0.6,0.27,0,0,0
1,3,19,1,0.43,0.57,1,0,1
1,2,14,0,0.89,0.96,1,0,1
1,13,9,1,0.4,0.11,0,1,1
1,13,5,1,0.25,0.22,0,1,0
1,11,4,1,0.12,0.32,0,1,0
0,10,6,1,0.57,0.32,0,1,0
0,2,12,1,0.6,0.53,1,0,0
0,8,19,0,0.57,0.65,0,0,0
1,10,10,0,0.2,0.8,0,1,0
1,1,8,1,0.12,0.45,1,1,1
1,12,7,0,0.29,0.64,0,1,0
0,14,9,0,0.84,0.4,0,1,0
0,10,20,0,0.07,0.1,0,0,0
1,9,8,1,0.75,0.4,0,1,1
1,15,19,0,0.39,0.7,0,0,0
1,15,20,0,0.84,0.94,0,0,0
0,0,7,0,0.83,0.14,1,1,0
1,13,7,0,0.09,0.72,0,1,0
1,0,1,1,0.88,0.04,1,1,1
0,9,2,1,0.33,0.61,0,1,0
1,8,5,0,0.58,0.12,0,1,0
1,4,18,1,0.64,0.67,1,0,1
0,15,15,1,0.32,0.73,0,0,0
0,2,8,1,0.71,0.35,1,1,1
0,6,2,0,0.97,0.06,0,1,0
0,6,14,1,0.19,0.1,0,0,0
0,10,9,1,0.66,0.85,0,1,1
0,4,7,1,0.39,0.45,1,1,1
0,12,6,0,0.28,0.16,0,1,0
1,3,4,1,0.88,0.75,1,1,1
0,0,14,0,0.27,0.48,1,0,0
1,11,8,0,0.93,0.08,0,1,0
1,6,4,1,0.5,0.51,0,1,1
0,14,8,1,0.1,0.65,0,1,0
1,6,9,0,0.4,0.59,0,1,0
1,13,3,0,0.65,0.96,0,1,1
0,3,1,0,0.58,0.24,1,1,0
0,8,7,1,0.39,0.1,0,1,0
1,15,6,0,0.79,0.35,0,1,1
1,9,0,0,0.19,0.91,0,1,0
1,9,7,0,0.32,0.07,0,1,0
0,10,14,0,0.96,0.67,0,0,0
1,10,0,0,0.97,0.88,0,1,1
0,0,19,1,0.97,0.58,1,0,1
1,7,15,0,0.05,0.02,0,0,0
1,7,16,0,0.75,0.78,0,0,0
0,9,10,1,0.49,0.35,0,1,0
1,15,8,1,0.46,0.83,0,1,1
1,10,16,1,0.11,0.69,0,0,0
0,4,13,0,0.66,0.14,1,0,0
1,0,7,1,0.36,0.74,1,1,1
0,12,20,0,0.97,0.88,0,0,0
1,5,8,1,0.89,0.39,1,1,1
1,8,9,0,0.04,0.52,0,1,0
1,3,13,1,0.57,0.79,1,0,1
1,9,3,0,0.5,0.69,0,1,0
1,4,16,1,0.62,0.66,1,0,1
1,15,9,0,0.8,0.02,0,1,0
0,6,9,0,0.05,0.31,0,1,0
1,11,0,0,0.25,0.35,0,1,0
1,4,2,1,0.14,0.73,1,1,1
1,2,9,0,0.03,0.93,1,1,1
0,12,13,1,0.97,0.1,0,0,0
1,9,19,1,0.17,0.44,0,0,0
1,4,6,1,0.14,0.55,1,1,1
1,9,2,1,0.57,0.63,0,1,1
0,12,13,0,0.14,0.44,0,0,0
1,11,14,1,0.43,0.42,0,0,0
1,14,0,0,0.96,0.42,0,1,1
0,9,7,1,0.13,0.54,0,1,0
1,1,12,0,0.4,0.01,1,0,0
1,1,2,0,0.27,0.99,1,1,1
0,10,19,0,0.82,0.57,0,0,0
1,1,3,0,0.7,0.52,1,1,1
1,4,7,0,0.3,0.31,1,1,1
0,15,19,0,0.11,0.0,0,0,0
0,3,7,0,0.1,0.02,1,1,0
1,12,1,0,0.3,0.48,0,1,0
0,7,17,1,0.82,0.68,0,0,0
0,13,4,0,0.18,0.82,0,1,0
0,5,16,0,0.48,0.29,1,0,0
0,15,11,1,0.39,0.7,0,0,0
0,14,13,1,0.15,0.28,0,0,0
0,12,0,1,0.03,0.65,0,1,0
1,1,11,0,0.47,0.72,1,0,0
1,0,5,1,0.5,0.86,1,1,1
0,11,16,1,0.51,0.17,0,0,0
0,11,20,1,0.46,0.86,0,0,0
0,8,9,1,0.07,0.84,0,1,0
1,12,15,0,0.58,0.93,0,0,0
1,4,10,1,0.58,0.83,1,1,1
0,1,0,0,0.23,0.67,1,1,0
1,15,10,0,0.98,0.81,0,1,1
0,3,5,1,0.76,0.42,1,1,1
0,1,19,1,0.11,0.85,1,0,0
0,14,11,0,0.92,0.32,0,0,0
1,12,4,0,0.2,0.49,0,1,0
1,7,6,0,0.43,0.53,0,1,0
0,2,18,0,0.63,0.67,1,0,0
0,1,4,0,0.36,0.41,1,1,0
0,10,5,1,0.19,0.21,0,1,0
1,11,11,0,0.8,0.44,0,0,0
1,2,18,0,0.13,0.52,1,0,0
0,3,15,0,0.05,0.54,1,0,0
0,7,9,1,0.39,0.36,0,1,0
0,9,2,0,0.85,0.93,0,1,0
1,12,19,0,0.55,0.89,0,0,0
1,8,20,0,0.03,0.42,0,0,0
0,10,1,0,0.2,0.82,0,1,0
1,1,7,1,0.07,0.95,1,1,1
0,11,2,1,0.6,0.61,0,1,0
0,15,4,1,0.72,0.1,0,1,0
1,7,20,1,0.43,0.3,0,0,0
0,0,1,0,0.77,0.81,1,1,1
1,0,17,1,0.05,0.77,1,0,1
0,13,13,0,0.12,0.12,0,0,0
1,11,6,1,0.44,0.06,0,1,1
0,2,18,0,0.23,0.75,1,0,0
0,0,7,0,0.08,0.13,1,1,0
0,9,1,1,0.35,0.66,0,1,0
0,9,4,1,0.48,0.12,0,1,0
0,2,8,0,0.49,0.74,1,1,0
1,7,14,1,0.94,0.78,0,0,1
1,7,16,1,0.32,0.54,0,0,0
0,1,11,1,0.71,0.62,1,0,1
1,2,6,0,0.84,0.52,1,1,1
1,6,3,1,0.72,0.79,0,1,1
0,7,14,1,0.95,0.02,0,0,0
0,8,8,1,0.3,0.97,0,1,0
0,8,19,1,0.5,0.86,0,0,0
1,14,1,0,0.21,0.18,0,1,0
1,1,9,0,0.54,0.35,1,1,1
0,10,8,0,0.76,0.34,0,1,0
1,13,1,0,0.55,0.95,0,1,1
1,14,13,1,0.16,0.38,0,0,0
0,4,0,1,0.8,0.95,1,1,1
0,7,17,1,0.34,0.39,0,0,0
1,11,8,1,0.78,0.81,0,1,1
0,3,9,1,0.84,0.85,1,1,1
1,14,0,1,0.01,0.04,0,1,0
1,15,20,0,0.41,0.58,0,0,0
0,8,19,1,0.95,0.44,0,0,0
1,8,8,1,0.13,0.63,0,1,1
0,1,7,0,0.65,0.18,1,1,0
1,10,1,0,0.06,0.71,0,1,0
1,8,0,1,0.54,0.04,0,1,1
0,11,3,0,0.51,0.11,0,1,0
0,7,6,1,0.57,0.83,0,1,1
1,2,20,1,0.88,0.14,1,0,1
1,11,10,1,0.9,0.37,0,1,1
1,0,5,1,0.04,0.93,1,1,1
0,3,19,0,0.81,0.51,1,0,0
1,6,12,0,0.66,0.15,0,0,0
0,2,7,1,0.54,0.12,1,1,1
0,15,16,1,0.32,0.2,0,0,0
1,7,10,0,0.8,0.98,0,1,1
0,14,10,0,0.69,0.45,0,1,0
1,11,2,1,0.56,0.08,0,1,1
1,15,19,0,0.45,0.42,0,0,0
0,7,13,0,0.61,0.8,0,0,0
1,10,3,0,0.41,0.51,0,1,0
0,15,20,0,0.9,0.88,0,0,0
0,5,3,1,0.26,0.55,1,1,1
1,3,4,0,0.83,0.02,1,1,1
0,2,4,1,0.9,0.35,1,1,1
1,7,9,0,0.34,0.82,0,1,0
1,3,1,0,0.74,0.35,1,1,1
1,13,20,1,0.74,0.44,0,0,1
1,4,5,0,0.15,0.01,1,1,0
1,14,12,1,0.44,0.51,0,0,0
1,3,7,1,0.49,0.05,1,1,1
1,9,10,1,0.32,0.18,0,1,1
0,1,6,1,0.52,0.58,1,1,1
1,3,11,1,0.17,0.29,1,0,0
1,14,7,0,0.29,0.92,0,1,0
0,7,8,0,0.1,0.55,0,1,0
0,0,19,0,0.96,0.54,1,0,0
0,0,15,0,0.37,0.28,1,0,0
1,14,16,0,0.83,0.29,0,0,0
0,3,14,1,0.49,0.09,1,0,0
0,8,3,1,0.8,0.74,0,1,1
0,2,10,0,0.51,0.28,1,1,0
0,10,1,1,0.1,0.71,0,1,0
1,6,17,0,0.95,0.63,0,0,0
0,4,18,1,0.87,0.22,1,0,1
0,8,15,0,0.48,0.19,0,0,0
1,9,4,0,0.63,0.09,0,1,0
0,0,13,0,0.49,0.61,1,0,0
0,1,13,1,0.61,0.63,1,0,0
0,11,15,0,0.88,0.84,0,0,0
1,15,15,1,0.6,0.54,0,0,0
1,3,7,0,0.96,0.9,1,1,1
1,13,14,1,0.25,0.42,0,0,0
0,14,10,0,0.35,0.4,0,1,0
0,15,15,1,0.69,0.03,0,0,0
1,6,13,0,0.56,0.32,0,0,0
1,13,12,1,0.43,0.26,0,0,0
0,8,15,0,0.34,0.82,0,0,0
1,14,13,0,0.57,0.17,0,0,0
0,3,19,1,0.13,0.54,1,0,0
0,12,2,1,0.91,0.77,0,1,1
0,1,16,0,0.36,0.2,1,0,0
0,12,7,1,0.8,0.91,0,1,1
1,13,6,0,0.94,0.04,0,1,0
0,3,16,1,0.79,0.04,1,0,0
1,9,0,0,0.63,0.69,0,1,1
0,8,3,1,0.66,0.13,0,1,0
1,2,2,0,0.5,0.7,1,1,1
1,0,0,0,0.1,0.59,1,1,1
1,6,19,1,0.78,0.43,0,0,1
0,9,8,1,0.2,0.26,0,1,0
1,12,9,1,0.09,0.97,0,1,1
1,15,9,0,0.38,0.99,0,1,0
1,11,17,0,0.45,0.58,0,0,0
0,12,7,1,0.37,0.56,0,1,0
1,10,4,0,0.1,0.17,0,1,0
1,7,2,0,0.4,0.84,0,1,0
0,1,15,1,0.41,0.74,1,0,0
0,1,10,1,0.87,0.27,1,1,1
0,15,17,1,0.31,0.65,0,0,0
1,14,15,0,0.92,0.43,0,0,0
0,12,4,0,0.16,0.75,0,1,0
0,6,14,0,0.04,0.42,0,0,0
0,15,4,1,0.4,0.3,0,1,0
1,9,8,1,0.62,0.37,0,1,1
0,4,9,0,0.8,0.95,1,1,1
1,8,15,1,0.21,0.33,0,0,0
0,5,16,1,0.01,0.42,1,0,0
0,15,2,0,0.31,0.19,0,1,0
0,14,10,0,0.06,0.47,0,1,0
0,2,11,0,0.34,0.01,1,0,0
0,8,9,1,0.58,0.31,0,1,0
1,8,17,0,0.08,0.15,0,0,0
0,8,5,1,0.56,0.13,0,1,0
1,10,18,1,0.97,0.74,0,0,1
1,6,5,0,0.78,0.99,0,1,1
0,4,4,0,0.48,0.0,1,1,0
0,1,4,1,0.43,0.47,1,1,1
1,3,7,1,0.38,0.39,1,1,1
1,11,9,1,0.53,0.88,0,1,1
0,5,20,1,0.71,0.84,1,0,1
1,15,8,0,0.56,0.44,0,1,0
1,5,0,1,0.86,0.77,1,1,1
1,13,6,0,0.38,0.18,0,1,0
0,6,14,1,0.53,0.01,0,0,0
1,10,3,1,0.92,0.5,0,1,1
0,8,1,1,0.64,0.4,0,1,0
1,8,20,0,0.97,0.82,0,0,0
1,14,15,0,0.47,0.87,0,0,0
0,1,11,0,0.61,0.71,1,0,0
0,4,2,1,0.83,0.12,1,1,1
1,1,10,0,0.86,0.28,1,1,1
0,0,10,1,0.9,0.17,1,1,1
1,0,12,1,0.84,0.67,1,0,1
0,6,16,0,0.73,0.08,0,0,0
1,1,8,0,0.69,0.41,1,1,1
0,9,8,1,0.12,0.47,0,1,0
0,14,2,0,0.92,0.18,0,1,0
0,5,10,0,0.77,0.79,1,1,1
0,11,14,0,0.88,0.94,0,0,0
1,6,4,1,0.05,0.71,0,1,1
0,8,4,1,0.41,0.84,0,1,0
1,6,5,1,0.26,0.44,0,1,1
0,15,11,1,0.35,0.64,0,0,0
1,5,1,1,0.16,0.57,1,1,1
1,11,20,1,0.21,0.7,0,0,0
1,2,16,0,0.26,0.47,1,0,0
0,3,16,0,0.48,0.47,1,0,0
1,11,18,1,0.66,0.9,0,0,1
1,3,20,1,0.87,0.01,1,0,1
1,15,10,1,0.65,0.1,0,1,1
1,9,5,1,0.55,0.75,0,1,1
1,14,18,1,0.73,0.47,0,0,1
0,8,11,1,0.48,0.4,0,0,0
0,7,16,0,0.42,0.77,0,0,0
1,0,5,0,0.92,0.89,1,1,1
0,4,4,1,0.79,0.05,1,1,1
0,9,4,1,0.46,0.17,0,1,0
0,4,6,0,0.3,0.08,1,1,0
0,6,13,0,0.72,0.15,0,0,0
1,0,15,0,0.34,0.47,1,0,0
1,6,15,1,0.83,0.71,0,0,1
0,12,4,1,0.76,0.13,0,1,0
1,9,13,1,0.53,0.35,0,0,0
0,7,19,0,0.77,0.37,0,0,0
1,0,19,1,0.91,0.65,1,0,1
0,15,6,0,0.21,0.44,0,1,0
1,12,20,0,0.43,0.28,0,0,0
1,15,1,1,0.96,0.42,0,1,1
0,12,16,0,0.46,0.08,0,0,0
0,12,0,0,0.32,0.57,0,1,0
1,14,0,1,0.65,0.67,0,1,1
1,1,9,1,0.26,0.63,1,1,1
1,11,15,1,0.84,0.97,0,0,1
0,5,13,1,0.87,0.08,1,0,0
0,10,18,1,0.2,0.81,0,0,0
1,13,1,1,0.28,0.12,0,1,0
1,14,11,0,0.89,0.69,0,0,0
1,13,10,1,0.77,0.02,0,1,1
1,5,9,1,0.42,0.45,1,1,1
1,1,19,0,0.36,0.04,1,0,0
1,7,5,0,0.53,0.13,0,1,0
0,15,13,1,0.35,0.46,0,0,0
0,14,1,0,0.33,0.04,0,1,0
0,12,16,0,0.34,0.64,0,0,0
1,13,12,0,0.18,0.75,0,0,0
0,13,3,0,0.57,0.99,0,1,0
0,1,11,1,0.22,0.94,1,0,0
1,5,8,0,0.6,0.91,1,1,1
1,8,0,1,0.21,0.78,0,1,1
0,8,8,1,0.6,0.98,0,1,1
1,3,7,0,0.02,0.32,1,1,0
0,9,19,1,0.59,0.63,0,0,0
1,12,15,0,0.34,0.32,0,0,0
1,4,14,1,0.21,0.7,1,0,1
1,8,12,0,0.66,0.57,0,0,0
0,15,17,1,0.08,0.75,0,0,0
1,9,9,1,0.45,0.47,0,1,1
0,5,19,1,0.56,0.42,1,0,0
0,9,17,1,0.99,0.38,0,0,0
0,12,19,0,0.1,0.22,0,0,0
0,9,5,0,0.77,0.98,0,1,0
1,13,11,0,0.42,0.6,0,0,0
1,11,20,0,0.66,0.69,0,0,0
1,12,7,1,0.49,0.46,0,1,1
1,5,5,1,0.29,0.53,1,1,1
1,14,20,0,0.68,0.1,0,0,0
1,13,13,0,0.64,0.62,0,0,0
0,2,19,1,0.95,0.33,1,0,1
0,5,18,1,0.68,0.95,1,0,1
0,12,17,0,0.85,0.16,0,0,0
1,7,5,1,0.94,0.92,0,1,1
1,4,9,0,0.89,0.21,1,1,1
1,14,7,1,0.99,0.8,0,1,1
1,3,19,1,0.87,0.91,1,0,1
0,14,2,0,0.75,0.68,0,1,0
1,15,12,0,0.78,0.96,0,0,0
0,0,14,1,0.83,0.06,1,0,0
1,1,11,1,0.72,0.51,1,0,1
1,13,3,0,0.15,0.26,0,1,0
0,5,11,1,0.66,0.14,1,0,0
0,15,6,1,0.1,0.64,0,1,0
0,14,15,0,0.76,0.34,0,0,0
1,10,14,1,0.57,0.59,0,0,0
0,4,16,1,0.03,0.88,1,0,0
1,9,9,0,0.57,0.3,0,1,0
1,9,4,0,0.15,0.29,0,1,0
1,8,20,0,0.03,0.21,0,0,0
1,4,18,0,0.26,0.72,1,0,0
1,15,19,0,0.97,0.64,0,0,0
1,11,12,1,0.65,0.87,0,0,1
1,5,15,1,0.01,0.95,1,0,1
1,7,9,0,0.22,0.28,0,1,0
0,6,11,1,0.46,0.91,0,0,0
0,7,6,1,0.66,0.4,0,1,0
0,10,16,0,0.27,0.96,0,0,0
0,1,14,0,0.24,0.8,1,0,0
0,7,7,1,0.18,0.98,0,1,0
1,8,2,0,0.73,0.92,0,1,1
0,9,1,0,0.23,0.59,0,1,0
1,14,3,0,0.32,0.63,0,1,0
0,15,3,1,0.08,0.2,0,1,0
0,15,9,0,0.58,0.86,0,1,0
0,14,20,0,0.59,0.63,0,0,0
